millis,node,x,y,rssi,distance,target_x,target_y
9,2,37.5,0,-77.8775,37.476,37.476,37.476
9,4,75,37.5,-77.8786,37.524,37.476,37.476
9,5,0,37.5,-77.8775,37.476,37.476,37.476
9,7,37.5,75,-77.8786,37.524,37.476,37.476
108,2,37.5,0,-77.7859,37.2133,37.2122,37.2122
108,5,0,37.5,-77.7859,37.2133,37.2122,37.2122
108,4,75,37.5,-77.9702,37.7889,37.2122,37.2122
108,7,37.5,75,-77.9702,37.7889,37.2122,37.2122
208,2,37.5,0,-77.6938,36.9512,36.9471,36.9471
208,5,0,37.5,-77.6938,36.9512,36.9471,36.9471
208,4,75,37.5,-78.0623,38.057,36.9471,36.9471
208,7,37.5,75,-78.0623,38.057,36.9471,36.9471
308,2,37.5,0,-77.6017,36.691,36.6819,36.6819
308,5,0,37.5,-77.6017,36.691,36.6819,36.6819
308,4,75,37.5,-78.1544,38.3268,36.6819,36.6819
308,7,37.5,75,-78.1544,38.3268,36.6819,36.6819
408,2,37.5,0,-77.5097,36.4328,36.4167,36.4167
408,5,0,37.5,-77.5097,36.4328,36.4167,36.4167
408,4,75,37.5,-78.2464,38.5985,36.4167,36.4167
408,7,37.5,75,-78.2464,38.5985,36.4167,36.4167
508,2,37.5,0,-77.4178,36.1767,36.1516,36.1516
508,5,0,37.5,-77.4178,36.1767,36.1516,36.1516
508,4,75,37.5,-78.3384,38.8718,36.1516,36.1516
508,7,37.5,75,-78.3384,38.8718,36.1516,36.1516
508,1,0,0,-81.9245,51.126,36.1516,36.1516
608,2,37.5,0,-77.3259,35.9226,35.8864,35.8864
608,5,0,37.5,-77.3259,35.9226,35.8864,35.8864
608,4,75,37.5,-78.4302,39.1469,35.8864,35.8864
608,7,37.5,75,-78.4302,39.1469,35.8864,35.8864
608,1,0,0,-81.8286,50.751,35.8864,35.8864
708,2,37.5,0,-77.2342,35.6707,35.6212,35.6212
708,5,0,37.5,-77.2342,35.6707,35.6212,35.6212
708,4,75,37.5,-78.522,39.4236,35.6212,35.6212
708,7,37.5,75,-78.522,39.4236,35.6212,35.6212
708,1,0,0,-81.732,50.376,35.6212,35.6212
808,2,37.5,0,-77.1427,35.421,35.3561,35.3561
808,5,0,37.5,-77.1427,35.421,35.3561,35.3561
808,4,75,37.5,-78.6137,39.7019,35.3561,35.3561
808,7,37.5,75,-78.6137,39.7019,35.3561,35.3561
808,1,0,0,-81.6347,50.001,35.3561,35.3561
908,2,37.5,0,-77.0513,35.1735,35.0909,35.0909
908,5,0,37.5,-77.0513,35.1735,35.0909,35.0909
908,4,75,37.5,-78.7052,39.9818,35.0909,35.0909
908,7,37.5,75,-78.7052,39.9818,35.0909,35.0909
908,1,0,0,-81.5367,49.626,35.0909,35.0909
1008,2,37.5,0,-76.9601,34.9283,34.8257,34.8257
1008,5,0,37.5,-76.9601,34.9283,34.8257,34.8257
1008,4,75,37.5,-78.7966,40.2632,34.8257,34.8257
1008,7,37.5,75,-78.7966,40.2632,34.8257,34.8257
1008,1,0,0,-81.438,49.251,34.8257,34.8257
1108,2,37.5,0,-76.8692,34.6853,34.5606,34.5606
1108,5,0,37.5,-76.8692,34.6853,34.5606,34.5606
1108,4,75,37.5,-78.8878,40.5461,34.5606,34.5606
1108,7,37.5,75,-78.8878,40.5461,34.5606,34.5606
1108,1,0,0,-81.3384,48.876,34.5606,34.5606
1208,2,37.5,0,-76.7785,34.4448,34.2954,34.2954
1208,5,0,37.5,-76.7785,34.4448,34.2954,34.2954
1208,4,75,37.5,-78.9789,40.8306,34.2954,34.2954
1208,7,37.5,75,-78.9789,40.8306,34.2954,34.2954
1208,1,0,0,-81.2382,48.501,34.2954,34.2954
1308,2,37.5,0,-76.6881,34.2067,34.0302,34.0302
1308,5,0,37.5,-76.6881,34.2067,34.0302,34.0302
1308,4,75,37.5,-79.0699,41.1164,34.0302,34.0302
1308,7,37.5,75,-79.0699,41.1164,34.0302,34.0302
1308,1,0,0,-81.1371,48.126,34.0302,34.0302
1408,2,37.5,0,-76.598,33.971,33.7651,33.7651
1408,5,0,37.5,-76.598,33.971,33.7651,33.7651
1408,4,75,37.5,-79.1606,41.4037,33.7651,33.7651
1408,7,37.5,75,-79.1606,41.4037,33.7651,33.7651
1408,1,0,0,-81.0353,47.751,33.7651,33.7651
1508,2,37.5,0,-76.5082,33.7379,33.4999,33.4999
1508,5,0,37.5,-76.5082,33.7379,33.4999,33.4999
1508,4,75,37.5,-79.2511,41.6924,33.4999,33.4999
1508,7,37.5,75,-79.2511,41.6924,33.4999,33.4999
1508,1,0,0,-80.9326,47.376,33.4999,33.4999
1608,2,37.5,0,-76.4189,33.5073,33.2347,33.2347
1608,5,0,37.5,-76.4189,33.5073,33.2347,33.2347
1608,4,75,37.5,-79.3415,41.9825,33.2347,33.2347
1608,7,37.5,75,-79.3415,41.9825,33.2347,33.2347
1608,1,0,0,-80.8291,47.001,33.2347,33.2347
1708,2,37.5,0,-76.3299,33.2794,32.9696,32.9696
1708,5,0,37.5,-76.3299,33.2794,32.9696,32.9696
1708,4,75,37.5,-79.4316,42.2739,32.9696,32.9696
1708,7,37.5,75,-79.4316,42.2739,32.9696,32.9696
1708,1,0,0,-80.7248,46.626,32.9696,32.9696
1808,2,37.5,0,-76.2414,33.0541,32.7044,32.7044
1808,5,0,37.5,-76.2414,33.0541,32.7044,32.7044
1808,4,75,37.5,-79.5216,42.5666,32.7044,32.7044
1808,7,37.5,75,-79.5216,42.5666,32.7044,32.7044
1808,1,0,0,-80.6197,46.251,32.7044,32.7044
1908,2,37.5,0,-76.1533,32.8316,32.4392,32.4392
1908,5,0,37.5,-76.1533,32.8316,32.4392,32.4392
1908,4,75,37.5,-79.6112,42.8606,32.4392,32.4392
1908,7,37.5,75,-79.6112,42.8606,32.4392,32.4392
1908,1,0,0,-80.5137,45.876,32.4392,32.4392
2008,2,37.5,0,-76.0658,32.6119,32.1741,32.1741
2008,5,0,37.5,-76.0658,32.6119,32.1741,32.1741
2008,4,75,37.5,-79.7007,43.1558,32.1741,32.1741
2008,7,37.5,75,-79.7007,43.1558,32.1741,32.1741
2008,1,0,0,-80.4068,45.501,32.1741,32.1741
2108,2,37.5,0,-75.9788,32.395,31.9089,31.9089
2108,5,0,37.5,-75.9788,32.395,31.9089,31.9089
2108,4,75,37.5,-79.7899,43.4523,31.9089,31.9089
2108,7,37.5,75,-79.7899,43.4523,31.9089,31.9089
2108,1,0,0,-80.2991,45.126,31.9089,31.9089
2208,2,37.5,0,-75.8924,32.1811,31.6438,31.6438
2208,5,0,37.5,-75.8924,32.1811,31.6438,31.6438
2208,4,75,37.5,-79.8789,43.75,31.6438,31.6438
2208,7,37.5,75,-79.8789,43.75,31.6438,31.6438
2208,1,0,0,-80.1904,44.751,31.6438,31.6438
2308,2,37.5,0,-75.8067,31.9701,31.3786,31.3786
2308,5,0,37.5,-75.8067,31.9701,31.3786,31.3786
2308,4,75,37.5,-79.9676,44.0488,31.3786,31.3786
2308,7,37.5,75,-79.9676,44.0488,31.3786,31.3786
2308,1,0,0,-80.0809,44.376,31.3786,31.3786
2408,2,37.5,0,-75.7216,31.7621,31.1134,31.1134
2408,5,0,37.5,-75.7216,31.7621,31.1134,31.1134
2408,1,0,0,-79.9704,44.001,31.1134,31.1134
2408,4,75,37.5,-80.0561,44.3488,31.1134,31.1134
2408,7,37.5,75,-80.0561,44.3488,31.1134,31.1134
2508,2,37.5,0,-75.6372,31.5573,30.8483,30.8483
2508,5,0,37.5,-75.6372,31.5573,30.8483,30.8483
2508,1,0,0,-79.859,43.626,30.8483,30.8483
2508,4,75,37.5,-80.1443,44.65,30.8483,30.8483
2508,7,37.5,75,-80.1443,44.65,30.8483,30.8483
2608,2,37.5,0,-75.5536,31.3555,30.5831,30.5831
2608,5,0,37.5,-75.5536,31.3555,30.5831,30.5831
2608,1,0,0,-79.7466,43.251,30.5831,30.5831
2608,4,75,37.5,-80.2322,44.9523,30.5831,30.5831
2608,7,37.5,75,-80.2322,44.9523,30.5831,30.5831
2708,2,37.5,0,-75.4708,31.157,30.3179,30.3179
2708,5,0,37.5,-75.4708,31.157,30.3179,30.3179
2708,1,0,0,-79.6332,42.876,30.3179,30.3179
2708,4,75,37.5,-80.3199,45.2556,30.3179,30.3179
2708,7,37.5,75,-80.3199,45.2556,30.3179,30.3179
2808,2,37.5,0,-75.3888,30.9617,30.0528,30.0528
2808,5,0,37.5,-75.3888,30.9617,30.0528,30.0528
2808,1,0,0,-79.5188,42.501,30.0528,30.0528
2808,4,75,37.5,-80.4072,45.56,30.0528,30.0528
2808,7,37.5,75,-80.4072,45.56,30.0528,30.0528
2908,2,37.5,0,-75.3077,30.7698,29.7876,29.7876
2908,5,0,37.5,-75.3077,30.7698,29.7876,29.7876
2908,1,0,0,-79.4034,42.126,29.7876,29.7876
2908,4,75,37.5,-80.4943,45.8655,29.7876,29.7876
2908,7,37.5,75,-80.4943,45.8655,29.7876,29.7876
3008,2,37.5,0,-75.2275,30.5813,29.5224,29.5224
3008,5,0,37.5,-75.2275,30.5813,29.5224,29.5224
3008,1,0,0,-79.287,41.751,29.5224,29.5224
3008,4,75,37.5,-80.5811,46.172,29.5224,29.5224
3008,7,37.5,75,-80.5811,46.172,29.5224,29.5224
3108,2,37.5,0,-75.1484,30.3962,29.2573,29.2573
3108,5,0,37.5,-75.1484,30.3962,29.2573,29.2573
3108,1,0,0,-79.1696,41.376,29.2573,29.2573
3108,4,75,37.5,-80.6676,46.4795,29.2573,29.2573
3108,7,37.5,75,-80.6676,46.4795,29.2573,29.2573
3208,2,37.5,0,-75.0702,30.2147,28.9921,28.9921
3208,5,0,37.5,-75.0702,30.2147,28.9921,28.9921
3208,1,0,0,-79.051,41.001,28.9921,28.9921
3208,4,75,37.5,-80.7538,46.7879,28.9921,28.9921
3208,7,37.5,75,-80.7538,46.7879,28.9921,28.9921
3308,2,37.5,0,-74.9932,30.0367,28.7269,28.7269
3308,5,0,37.5,-74.9932,30.0367,28.7269,28.7269
3308,1,0,0,-78.9314,40.626,28.7269,28.7269
3308,4,75,37.5,-80.8397,47.0974,28.7269,28.7269
3308,7,37.5,75,-80.8397,47.0974,28.7269,28.7269
3408,2,37.5,0,-74.9172,29.8624,28.4618,28.4618
3408,5,0,37.5,-74.9172,29.8624,28.4618,28.4618
3408,1,0,0,-78.8107,40.251,28.4618,28.4618
3408,4,75,37.5,-80.9253,47.4078,28.4618,28.4618
3408,7,37.5,75,-80.9253,47.4078,28.4618,28.4618
3508,2,37.5,0,-74.8425,29.6918,28.1966,28.1966
3508,5,0,37.5,-74.8425,29.6918,28.1966,28.1966
3508,1,0,0,-78.6888,39.876,28.1966,28.1966
3508,4,75,37.5,-81.0106,47.7191,28.1966,28.1966
3508,7,37.5,75,-81.0106,47.7191,28.1966,28.1966
3608,2,37.5,0,-74.769,29.5249,27.9314,27.9314
3608,5,0,37.5,-74.769,29.5249,27.9314,27.9314
3608,1,0,0,-78.5658,39.501,27.9314,27.9314
3608,4,75,37.5,-81.0956,48.0313,27.9314,27.9314
3608,7,37.5,75,-81.0956,48.0313,27.9314,27.9314
3708,2,37.5,0,-74.6967,29.362,27.6663,27.6663
3708,5,0,37.5,-74.6967,29.362,27.6663,27.6663
3708,1,0,0,-78.4417,39.126,27.6663,27.6663
3708,4,75,37.5,-81.1803,48.3444,27.6663,27.6663
3708,7,37.5,75,-81.1803,48.3444,27.6663,27.6663
3808,2,37.5,0,-74.6258,29.2029,27.4011,27.4011
3808,5,0,37.5,-74.6258,29.2029,27.4011,27.4011
3808,1,0,0,-78.3163,38.751,27.4011,27.4011
3808,4,75,37.5,-81.2647,48.6584,27.4011,27.4011
3808,7,37.5,75,-81.2647,48.6584,27.4011,27.4011
3908,2,37.5,0,-74.5563,29.0478,27.1359,27.1359
3908,5,0,37.5,-74.5563,29.0478,27.1359,27.1359
3908,1,0,0,-78.1897,38.376,27.1359,27.1359
3908,4,75,37.5,-81.3488,48.9733,27.1359,27.1359
3908,7,37.5,75,-81.3488,48.9733,27.1359,27.1359
4008,2,37.5,0,-74.4883,28.8967,26.8708,26.8708
4008,5,0,37.5,-74.4883,28.8967,26.8708,26.8708
4008,1,0,0,-78.0619,38.001,26.8708,26.8708
4008,4,75,37.5,-81.4325,49.289,26.8708,26.8708
4008,7,37.5,75,-81.4325,49.289,26.8708,26.8708
4108,2,37.5,0,-74.4217,28.7497,26.6056,26.6056
4108,5,0,37.5,-74.4217,28.7497,26.6056,26.6056
4108,1,0,0,-77.9328,37.626,26.6056,26.6056
4108,4,75,37.5,-81.5159,49.6055,26.6056,26.6056
4108,7,37.5,75,-81.5159,49.6055,26.6056,26.6056
4208,2,37.5,0,-74.3567,28.6069,26.3404,26.3404
4208,5,0,37.5,-74.3567,28.6069,26.3404,26.3404
4208,1,0,0,-77.8024,37.251,26.3404,26.3404
4208,4,75,37.5,-81.599,49.9228,26.3404,26.3404
4208,7,37.5,75,-81.599,49.9228,26.3404,26.3404
4308,2,37.5,0,-74.2933,28.4683,26.0753,26.0753
4308,5,0,37.5,-74.2933,28.4683,26.0753,26.0753
4308,1,0,0,-77.6707,36.876,26.0753,26.0753
4308,4,75,37.5,-81.6818,50.2409,26.0753,26.0753
4308,7,37.5,75,-81.6818,50.2409,26.0753,26.0753
4408,2,37.5,0,-74.2315,28.334,25.8101,25.8101
4408,5,0,37.5,-74.2315,28.334,25.8101,25.8101
4408,1,0,0,-77.5376,36.501,25.8101,25.8101
4408,4,75,37.5,-81.7643,50.5598,25.8101,25.8101
4408,7,37.5,75,-81.7643,50.5598,25.8101,25.8101
4508,2,37.5,0,-74.1715,28.204,25.545,25.545
4508,5,0,37.5,-74.1715,28.204,25.545,25.545
4508,1,0,0,-77.4032,36.126,25.545,25.545
4508,4,75,37.5,-81.8464,50.8795,25.545,25.545
4508,7,37.5,75,-81.8464,50.8795,25.545,25.545
4608,2,37.5,0,-74.1132,28.0785,25.2798,25.2798
4608,5,0,37.5,-74.1132,28.0785,25.2798,25.2798
4608,1,0,0,-77.2673,35.751,25.2798,25.2798
4608,4,75,37.5,-81.9283,51.1999,25.2798,25.2798
4608,7,37.5,75,-81.9283,51.1999,25.2798,25.2798
4708,2,37.5,0,-74.0567,27.9574,25.0146,25.0146
4708,5,0,37.5,-74.0567,27.9574,25.0146,25.0146
4708,1,0,0,-77.1301,35.376,25.0146,25.0146
4808,2,37.5,0,-74.0021,27.8408,24.7495,24.7495
4808,5,0,37.5,-74.0021,27.8408,24.7495,24.7495
4808,1,0,0,-76.9914,35.001,24.7495,24.7495
4908,2,37.5,0,-73.9494,27.7289,24.4843,24.4843
4908,5,0,37.5,-73.9494,27.7289,24.4843,24.4843
4908,1,0,0,-76.8511,34.626,24.4843,24.4843
5008,2,37.5,0,-73.8987,27.6215,24.2191,24.2191
5008,5,0,37.5,-73.8987,27.6215,24.2191,24.2191
5008,1,0,0,-76.7094,34.251,24.2191,24.2191
5108,2,37.5,0,-73.85,27.5189,23.954,23.954
5108,5,0,37.5,-73.85,27.5189,23.954,23.954
5108,1,0,0,-76.5661,33.876,23.954,23.954
5208,2,37.5,0,-73.8034,27.4209,23.6888,23.6888
5208,5,0,37.5,-73.8034,27.4209,23.6888,23.6888
5208,1,0,0,-76.4212,33.501,23.6888,23.6888
5308,2,37.5,0,-73.7589,27.3278,23.4236,23.4236
5308,5,0,37.5,-73.7589,27.3278,23.4236,23.4236
5308,1,0,0,-76.2747,33.126,23.4236,23.4236
5408,2,37.5,0,-73.7166,27.2396,23.1585,23.1585
5408,5,0,37.5,-73.7166,27.2396,23.1585,23.1585
5408,1,0,0,-76.1265,32.751,23.1585,23.1585
5508,2,37.5,0,-73.6765,27.1562,22.8933,22.8933
5508,5,0,37.5,-73.6765,27.1562,22.8933,22.8933
5508,1,0,0,-75.9766,32.376,22.8933,22.8933
5608,2,37.5,0,-73.6386,27.0778,22.6281,22.6281
5608,5,0,37.5,-73.6386,27.0778,22.6281,22.6281
5608,1,0,0,-75.825,32.001,22.6281,22.6281
5708,2,37.5,0,-73.603,27.0043,22.363,22.363
5708,5,0,37.5,-73.603,27.0043,22.363,22.363
5708,1,0,0,-75.6715,31.626,22.363,22.363
5808,2,37.5,0,-73.5697,26.9359,22.0978,22.0978
5808,5,0,37.5,-73.5697,26.9359,22.0978,22.0978
5808,1,0,0,-75.5163,31.251,22.0978,22.0978
5908,2,37.5,0,-73.5388,26.8725,21.8326,21.8326
5908,5,0,37.5,-73.5388,26.8725,21.8326,21.8326
5908,1,0,0,-75.3592,30.876,21.8326,21.8326
6008,2,37.5,0,-73.5104,26.8142,21.5675,21.5675
6008,5,0,37.5,-73.5104,26.8142,21.5675,21.5675
6008,1,0,0,-75.2001,30.501,21.5675,21.5675
6108,2,37.5,0,-73.4843,26.761,21.3023,21.3023
6108,5,0,37.5,-73.4843,26.761,21.3023,21.3023
6108,1,0,0,-75.0391,30.126,21.3023,21.3023
6208,2,37.5,0,-73.4607,26.7131,21.0371,21.0371
6208,5,0,37.5,-73.4607,26.7131,21.0371,21.0371
6208,1,0,0,-74.8761,29.751,21.0371,21.0371
6308,2,37.5,0,-73.4396,26.6702,20.772,20.772
6308,5,0,37.5,-73.4396,26.6702,20.772,20.772
6308,1,0,0,-74.711,29.376,20.772,20.772
6408,2,37.5,0,-73.421,26.6326,20.5068,20.5068
6408,5,0,37.5,-73.421,26.6326,20.5068,20.5068
6408,1,0,0,-74.5438,29.001,20.5068,20.5068
6508,2,37.5,0,-73.4049,26.6003,20.2417,20.2417
6508,5,0,37.5,-73.4049,26.6003,20.2417,20.2417
6508,1,0,0,-74.3744,28.626,20.2417,20.2417
6608,2,37.5,0,-73.3914,26.5732,19.9765,19.9765
6608,5,0,37.5,-73.3914,26.5732,19.9765,19.9765
6608,1,0,0,-74.2028,28.251,19.9765,19.9765
6708,2,37.5,0,-73.3805,26.5513,19.7113,19.7113
6708,5,0,37.5,-73.3805,26.5513,19.7113,19.7113
6708,1,0,0,-74.0289,27.876,19.7113,19.7113
6808,2,37.5,0,-73.3722,26.5348,19.4462,19.4462
6808,5,0,37.5,-73.3722,26.5348,19.4462,19.4462
6808,1,0,0,-73.8526,27.501,19.4462,19.4462
6908,2,37.5,0,-73.3664,26.5235,19.181,19.181
6908,5,0,37.5,-73.3664,26.5235,19.181,19.181
6908,1,0,0,-73.6739,27.126,19.181,19.181
7008,2,37.5,0,-73.3632,26.5175,18.9158,18.9158
7008,5,0,37.5,-73.3632,26.5175,18.9158,18.9158
7008,1,0,0,-73.4928,26.751,18.9158,18.9158
7108,1,0,0,-73.3091,26.376,18.6507,18.6507
7108,2,37.5,0,-73.3627,26.5169,18.6507,18.6507
7108,5,0,37.5,-73.3627,26.5169,18.6507,18.6507
7208,1,0,0,-73.1227,26.001,18.3855,18.3855
7208,2,37.5,0,-73.3648,26.5215,18.3855,18.3855
7208,5,0,37.5,-73.3648,26.5215,18.3855,18.3855
7308,1,0,0,-72.9337,25.626,18.1203,18.1203
7308,2,37.5,0,-73.3694,26.5315,18.1203,18.1203
7308,5,0,37.5,-73.3694,26.5315,18.1203,18.1203
7408,1,0,0,-72.7419,25.251,17.8552,17.8552
7408,2,37.5,0,-73.3767,26.5467,17.8552,17.8552
7408,5,0,37.5,-73.3767,26.5467,17.8552,17.8552
7508,1,0,0,-72.5472,24.876,17.59,17.59
7508,2,37.5,0,-73.3865,26.5672,17.59,17.59
7508,5,0,37.5,-73.3865,26.5672,17.59,17.59
7608,1,0,0,-72.3495,24.501,17.3248,17.3248
7608,2,37.5,0,-73.3989,26.593,17.3248,17.3248
7608,5,0,37.5,-73.3989,26.593,17.3248,17.3248
7708,1,0,0,-72.1488,24.126,17.0597,17.0597
7708,2,37.5,0,-73.4139,26.624,17.0597,17.0597
7708,5,0,37.5,-73.4139,26.624,17.0597,17.0597
7808,1,0,0,-71.945,23.751,16.7945,16.7945
7808,2,37.5,0,-73.4315,26.6603,16.7945,16.7945
7808,5,0,37.5,-73.4315,26.6603,16.7945,16.7945
7908,1,0,0,-71.7379,23.376,16.5293,16.5293
7908,2,37.5,0,-73.4515,26.7018,16.5293,16.5293
7908,5,0,37.5,-73.4515,26.7018,16.5293,16.5293
8008,1,0,0,-71.5275,23.001,16.2642,16.2642
8008,2,37.5,0,-73.4741,26.7485,16.2642,16.2642
8008,5,0,37.5,-73.4741,26.7485,16.2642,16.2642
8108,1,0,0,-71.3136,22.626,15.999,15.999
8108,2,37.5,0,-73.4991,26.8004,15.999,15.999
8108,5,0,37.5,-73.4991,26.8004,15.999,15.999
8208,1,0,0,-71.0962,22.251,15.7338,15.7338
8208,2,37.5,0,-73.5266,26.8574,15.7338,15.7338
8208,5,0,37.5,-73.5266,26.8574,15.7338,15.7338
8308,1,0,0,-70.8751,21.876,15.4687,15.4687
8308,2,37.5,0,-73.5565,26.9195,15.4687,15.4687
8308,5,0,37.5,-73.5565,26.9195,15.4687,15.4687
8408,1,0,0,-70.6501,21.501,15.2035,15.2035
8408,2,37.5,0,-73.5887,26.9867,15.2035,15.2035
8408,5,0,37.5,-73.5887,26.9867,15.2035,15.2035
8508,1,0,0,-70.4212,21.126,14.9384,14.9384
8508,2,37.5,0,-73.6233,27.0589,14.9384,14.9384
8508,5,0,37.5,-73.6233,27.0589,14.9384,14.9384
8608,1,0,0,-70.1882,20.751,14.6732,14.6732
8608,2,37.5,0,-73.6603,27.1361,14.6732,14.6732
8608,5,0,37.5,-73.6603,27.1361,14.6732,14.6732
8708,1,0,0,-69.951,20.376,14.408,14.408
8708,2,37.5,0,-73.6995,27.2182,14.408,14.408
8708,5,0,37.5,-73.6995,27.2182,14.408,14.408
8808,1,0,0,-69.7094,20.001,14.1429,14.1429
8808,2,37.5,0,-73.7409,27.3052,14.1429,14.1429
8808,5,0,37.5,-73.7409,27.3052,14.1429,14.1429
8908,1,0,0,-69.4632,19.626,13.8777,13.8777
8908,2,37.5,0,-73.7845,27.3971,13.8777,13.8777
8908,5,0,37.5,-73.7845,27.3971,13.8777,13.8777
9008,1,0,0,-69.2122,19.251,13.6125,13.6125
9008,2,37.5,0,-73.8302,27.4939,13.6125,13.6125
9008,5,0,37.5,-73.8302,27.4939,13.6125,13.6125
9108,1,0,0,-68.9563,18.876,13.3474,13.3474
9108,2,37.5,0,-73.878,27.5953,13.3474,13.3474
9108,5,0,37.5,-73.878,27.5953,13.3474,13.3474
9208,1,0,0,-68.6953,18.501,13.0822,13.0822
9208,2,37.5,0,-73.9279,27.7015,13.0822,13.0822
9208,5,0,37.5,-73.9279,27.7015,13.0822,13.0822
9308,1,0,0,-68.429,18.126,12.817,12.817
9308,2,37.5,0,-73.9797,27.8123,12.817,12.817
9308,5,0,37.5,-73.9797,27.8123,12.817,12.817
9408,1,0,0,-68.1571,17.751,12.5519,12.5519
9408,2,37.5,0,-74.0335,27.9277,12.5519,12.5519
9408,5,0,37.5,-74.0335,27.9277,12.5519,12.5519
9508,1,0,0,-67.8794,17.376,12.2867,12.2867
9508,2,37.5,0,-74.0892,28.0477,12.2867,12.2867
9508,5,0,37.5,-74.0892,28.0477,12.2867,12.2867
9608,1,0,0,-67.5957,17.001,12.0215,12.0215
9608,2,37.5,0,-74.1467,28.1721,12.0215,12.0215
9608,5,0,37.5,-74.1467,28.1721,12.0215,12.0215
9708,1,0,0,-67.3056,16.626,11.7564,11.7564
9708,2,37.5,0,-74.206,28.301,11.7564,11.7564
9708,5,0,37.5,-74.206,28.301,11.7564,11.7564
9808,1,0,0,-67.009,16.251,11.4912,11.4912
9808,2,37.5,0,-74.2671,28.4342,11.4912,11.4912
9808,5,0,37.5,-74.2671,28.4342,11.4912,11.4912
9908,1,0,0,-66.7054,15.876,11.226,11.226
9908,2,37.5,0,-74.3298,28.5717,11.226,11.226
9908,5,0,37.5,-74.3298,28.5717,11.226,11.226
10008,1,0,0,-66.3946,15.501,10.9609,10.9609
10008,2,37.5,0,-74.3942,28.7135,10.9609,10.9609
10008,5,0,37.5,-74.3942,28.7135,10.9609,10.9609
10108,1,0,0,-66.0762,15.126,10.6957,10.6957
10108,2,37.5,0,-74.4601,28.8595,10.6957,10.6957
10108,5,0,37.5,-74.4601,28.8595,10.6957,10.6957
10208,1,0,0,-65.7498,14.751,10.4305,10.4305
10208,2,37.5,0,-74.5275,29.0095,10.4305,10.4305
10208,5,0,37.5,-74.5275,29.0095,10.4305,10.4305
10308,1,0,0,-65.415,14.376,10.1654,10.1654
10308,2,37.5,0,-74.5964,29.1636,10.1654,10.1654
10308,5,0,37.5,-74.5964,29.1636,10.1654,10.1654
10408,1,0,0,-65.0714,14.001,9.90022,9.90022
10408,2,37.5,0,-74.6667,29.3217,9.90022,9.90022
10408,5,0,37.5,-74.6667,29.3217,9.90022,9.90022
10508,1,0,0,-64.7185,13.626,9.63505,9.63505
10508,2,37.5,0,-74.7384,29.4837,9.63505,9.63505
10508,5,0,37.5,-74.7384,29.4837,9.63505,9.63505
10608,1,0,0,-64.3558,13.251,9.36989,9.36989
10608,2,37.5,0,-74.8114,29.6496,9.36989,9.36989
10608,5,0,37.5,-74.8114,29.6496,9.36989,9.36989
10708,1,0,0,-63.9827,12.876,9.10472,9.10472
10708,2,37.5,0,-74.8857,29.8193,9.10472,9.10472
10708,5,0,37.5,-74.8857,29.8193,9.10472,9.10472
10808,1,0,0,-63.5986,12.501,8.83956,8.83956
10808,2,37.5,0,-74.9611,29.9926,8.83956,8.83956
10808,5,0,37.5,-74.9611,29.9926,8.83956,8.83956
10908,1,0,0,-63.2028,12.126,8.57439,8.57439
10908,2,37.5,0,-75.0377,30.1697,8.57439,8.57439
10908,5,0,37.5,-75.0377,30.1697,8.57439,8.57439
11008,1,0,0,-62.7946,11.751,8.30923,8.30923
11008,2,37.5,0,-75.1154,30.3504,8.30923,8.30923
11008,5,0,37.5,-75.1154,30.3504,8.30923,8.30923
11108,1,0,0,-62.3732,11.376,8.04406,8.04406
11108,2,37.5,0,-75.1941,30.5346,8.04406,8.04406
11108,5,0,37.5,-75.1941,30.5346,8.04406,8.04406
11208,1,0,0,-61.9377,11.001,7.7789,7.7789
11208,2,37.5,0,-75.2739,30.7222,7.7789,7.7789
11208,5,0,37.5,-75.2739,30.7222,7.7789,7.7789
11308,1,0,0,-61.4872,10.626,7.51373,7.51373
11308,2,37.5,0,-75.3546,30.9133,7.51373,7.51373
11308,5,0,37.5,-75.3546,30.9133,7.51373,7.51373
11408,1,0,0,-61.4244,10.6066,7.5,7.5
11408,2,37.5,0,-75.3657,30.9233,7.5,7.5
11408,5,0,37.5,-75.3657,30.9233,7.5,7.5
11508,1,0,0,-61.4244,10.6066,7.5,7.5
11508,2,37.5,0,-75.3657,30.9233,7.5,7.5
11508,5,0,37.5,-75.3657,30.9233,7.5,7.5
11608,1,0,0,-61.4244,10.6066,7.5,7.5
11608,2,37.5,0,-75.3657,30.9233,7.5,7.5
11608,5,0,37.5,-75.3657,30.9233,7.5,7.5
11708,1,0,0,-61.4244,10.6066,7.5,7.5
11708,2,37.5,0,-75.3657,30.9233,7.5,7.5
11708,5,0,37.5,-75.3657,30.9233,7.5,7.5
11808,1,0,0,-61.4244,10.6066,7.5,7.5
11808,2,37.5,0,-75.3657,30.9233,7.5,7.5
11808,5,0,37.5,-75.3657,30.9233,7.5,7.5
11908,1,0,0,-61.4244,10.6066,7.5,7.5
11908,2,37.5,0,-75.3657,30.9233,7.5,7.5
11908,5,0,37.5,-75.3657,30.9233,7.5,7.5
12008,1,0,0,-61.4246,10.6292,7.53199,7.5
12008,2,37.5,0,-75.3656,30.8923,7.53199,7.5
12008,5,0,37.5,-75.3657,30.9311,7.53199,7.5
12108,1,0,0,-61.7501,10.8982,7.90699,7.5
12108,2,37.5,0,-75.2115,30.5286,7.90699,7.5
12108,5,0,37.5,-75.4049,31.0245,7.90699,7.5
12208,1,0,0,-62.075,11.1732,8.28199,7.5
12208,2,37.5,0,-75.0556,30.1652,8.28199,7.5
12208,5,0,37.5,-75.4457,31.1222,8.28199,7.5
12308,1,0,0,-62.3984,11.454,8.65699,7.5
12308,2,37.5,0,-74.898,29.8022,8.65699,7.5
12308,5,0,37.5,-75.4881,31.2241,8.65699,7.5
12408,1,0,0,-62.7199,11.74,9.03199,7.5
12408,2,37.5,0,-74.7386,29.4394,9.03199,7.5
12408,5,0,37.5,-75.5322,31.3301,9.03199,7.5
12508,1,0,0,-63.0391,12.0309,9.40699,7.5
12508,2,37.5,0,-74.5773,29.0769,9.40699,7.5
12508,5,0,37.5,-75.5778,31.4403,9.40699,7.5
12608,1,0,0,-63.3554,12.3263,9.78199,7.5
12608,2,37.5,0,-74.4142,28.7148,9.78199,7.5
12608,5,0,37.5,-75.6249,31.5545,9.78199,7.5
12708,1,0,0,-63.6686,12.6259,10.157,7.5
12708,2,37.5,0,-74.2491,28.353,10.157,7.5
12708,5,0,37.5,-75.6735,31.6728,10.157,7.5
12808,1,0,0,-63.9785,12.9295,10.532,7.5
12808,2,37.5,0,-74.0821,27.9915,10.532,7.5
12808,5,0,37.5,-75.7236,31.795,10.532,7.5
12908,1,0,0,-64.2848,13.2368,10.907,7.5
12908,2,37.5,0,-73.9131,27.6304,10.907,7.5
12908,5,0,37.5,-75.775,31.9212,10.907,7.5
13008,1,0,0,-64.5873,13.5474,11.282,7.5
13008,2,37.5,0,-73.7421,27.2697,11.282,7.5
13008,5,0,37.5,-75.8279,32.0513,11.282,7.5
13108,1,0,0,-64.8861,13.8613,11.657,7.5
13108,2,37.5,0,-73.569,26.9093,11.657,7.5
13108,5,0,37.5,-75.8821,32.1852,11.657,7.5
13208,1,0,0,-65.1808,14.1781,12.032,7.5
13208,2,37.5,0,-73.3937,26.5494,12.032,7.5
13208,5,0,37.5,-75.9376,32.3229,12.032,7.5
13308,1,0,0,-65.4716,14.4977,12.407,7.5
13308,2,37.5,0,-73.2162,26.1899,12.407,7.5
13308,5,0,37.5,-75.9944,32.4643,12.407,7.5
13408,1,0,0,-65.7583,14.8199,12.782,7.5
13408,2,37.5,0,-73.0366,25.8308,12.782,7.5
13408,5,0,37.5,-76.0524,32.6095,12.782,7.5
13508,1,0,0,-66.041,15.1445,13.157,7.5
13508,2,37.5,0,-72.8546,25.4722,13.157,7.5
13508,5,0,37.5,-76.1117,32.7583,13.157,7.5
13608,1,0,0,-66.3196,15.4714,13.532,7.5
13608,2,37.5,0,-72.6703,25.1141,13.532,7.5
13608,5,0,37.5,-76.172,32.9107,13.532,7.5
13708,1,0,0,-66.5941,15.8005,13.907,7.5
13708,2,37.5,0,-72.4837,24.7564,13.907,7.5
13708,5,0,37.5,-76.2335,33.0667,13.907,7.5
13808,1,0,0,-66.8646,16.1315,14.282,7.5
13808,2,37.5,0,-72.2946,24.3993,14.282,7.5
13808,5,0,37.5,-76.2961,33.2261,14.282,7.5
13908,1,0,0,-67.1311,16.4644,14.657,7.5
13908,2,37.5,0,-72.103,24.0427,14.657,7.5
13908,5,0,37.5,-76.3598,33.389,14.657,7.5
14008,1,0,0,-67.3936,16.7991,15.032,7.5
14008,2,37.5,0,-71.9088,23.6867,15.032,7.5
14008,5,0,37.5,-76.4244,33.5553,15.032,7.5
14108,1,0,0,-67.6522,17.1355,15.407,7.5
14108,2,37.5,0,-71.7121,23.3313,15.407,7.5
14108,5,0,37.5,-76.49,33.725,15.407,7.5
14208,1,0,0,-67.907,17.4734,15.782,7.5
14208,2,37.5,0,-71.5127,22.9766,15.782,7.5
14208,5,0,37.5,-76.5566,33.898,15.782,7.5
14308,1,0,0,-68.158,17.8129,16.157,7.5
14308,2,37.5,0,-71.3105,22.6224,16.157,7.5
14308,5,0,37.5,-76.6241,34.0742,16.157,7.5
14408,1,0,0,-68.4053,18.1537,16.532,7.5
14408,2,37.5,0,-71.1056,22.269,16.532,7.5
14408,5,0,37.5,-76.6924,34.2536,16.532,7.5
14508,1,0,0,-68.6488,18.4958,16.907,7.5
14508,2,37.5,0,-70.8978,21.9163,16.907,7.5
14508,5,0,37.5,-76.7616,34.4361,16.907,7.5
14608,1,0,0,-68.8888,18.8392,17.282,7.5
14608,2,37.5,0,-70.6871,21.5643,17.282,7.5
14608,5,0,37.5,-76.8316,34.6218,17.282,7.5
14708,1,0,0,-69.1253,19.1838,17.657,7.5
14708,2,37.5,0,-70.4735,21.2131,17.657,7.5
14708,5,0,37.5,-76.9024,34.8105,17.657,7.5
14808,1,0,0,-69.3583,19.5295,18.032,7.5
14808,2,37.5,0,-70.2568,20.8627,18.032,7.5
14808,5,0,37.5,-76.9739,35.0022,18.032,7.5
14908,1,0,0,-69.5878,19.8763,18.407,7.5
14908,2,37.5,0,-70.0369,20.5132,18.407,7.5
14908,5,0,37.5,-77.0461,35.1968,18.407,7.5
15008,1,0,0,-69.8141,20.2241,18.782,7.5
15008,2,37.5,0,-69.8139,20.1647,18.782,7.5
15008,5,0,37.5,-77.1189,35.3944,18.782,7.5
15108,2,37.5,0,-69.5876,19.8171,19.157,7.5
15108,1,0,0,-70.0371,20.5728,19.157,7.5
15108,5,0,37.5,-77.1924,35.5948,19.157,7.5
15208,2,37.5,0,-69.358,19.4705,19.532,7.5
15208,1,0,0,-70.257,20.9224,19.532,7.5
15208,5,0,37.5,-77.2666,35.798,19.532,7.5
15308,2,37.5,0,-69.125,19.125,19.907,7.5
15308,1,0,0,-70.4737,21.2729,19.907,7.5
15308,5,0,37.5,-77.3413,36.004,19.907,7.5
15408,2,37.5,0,-68.8886,18.7806,20.282,7.5
15408,1,0,0,-70.6874,21.6243,20.282,7.5
15408,5,0,37.5,-77.4165,36.2127,20.282,7.5
15508,2,37.5,0,-68.6486,18.4374,20.657,7.5
15508,1,0,0,-70.8981,21.9764,20.657,7.5
15508,5,0,37.5,-77.4923,36.424,20.657,7.5
15608,2,37.5,0,-68.405,18.0955,21.032,7.5
15608,1,0,0,-71.1058,22.3292,21.032,7.5
15608,5,0,37.5,-77.5686,36.638,21.032,7.5
15708,2,37.5,0,-68.1578,17.7549,21.407,7.5
15708,1,0,0,-71.3107,22.6828,21.407,7.5
15708,5,0,37.5,-77.6453,36.8546,21.407,7.5
15808,2,37.5,0,-67.9068,17.4157,21.782,7.5
15808,1,0,0,-71.5129,23.037,21.782,7.5
15808,5,0,37.5,-77.7225,37.0736,21.782,7.5
15908,2,37.5,0,-67.652,17.078,22.157,7.5
15908,1,0,0,-71.7123,23.3919,22.157,7.5
15908,5,0,37.5,-77.8001,37.2952,22.157,7.5
16008,2,37.5,0,-67.3934,16.7419,22.532,7.5
16008,1,0,0,-71.909,23.7474,22.532,7.5
16008,5,0,37.5,-77.8781,37.5192,22.532,7.5
16108,2,37.5,0,-67.1308,16.4075,22.907,7.5
16108,1,0,0,-72.1032,24.1035,22.907,7.5
16108,5,0,37.5,-77.9564,37.7456,22.907,7.5
16208,2,37.5,0,-66.8643,16.0749,23.282,7.5
16208,1,0,0,-72.2948,24.4602,23.282,7.5
16208,5,0,37.5,-78.0351,37.9743,23.282,7.5
16308,2,37.5,0,-66.5938,15.7442,23.657,7.5
16308,1,0,0,-72.4839,24.8174,23.657,7.5
16308,5,0,37.5,-78.1141,38.2054,23.657,7.5
16408,2,37.5,0,-66.3193,15.4155,24.032,7.5
16408,1,0,0,-72.6705,25.1751,24.032,7.5
16408,5,0,37.5,-78.1934,38.4387,24.032,7.5
16508,2,37.5,0,-66.0407,15.089,24.407,7.5
16508,1,0,0,-72.8548,25.5333,24.407,7.5
16508,5,0,37.5,-78.273,38.6743,24.407,7.5
16508,3,75,0,-81.9294,51.1459,24.407,7.5
16608,2,37.5,0,-65.758,14.7647,24.782,7.5
16608,1,0,0,-73.0368,25.892,24.782,7.5
16608,5,0,37.5,-78.3528,38.912,24.782,7.5
16608,3,75,0,-81.8347,50.775,24.782,7.5
16708,2,37.5,0,-65.4713,14.443,25.157,7.5
16708,1,0,0,-73.2164,26.2512,25.157,7.5
16708,5,0,37.5,-78.4329,39.1519,25.157,7.5
16708,3,75,0,-81.7392,50.4041,25.157,7.5
16808,2,37.5,0,-65.1805,14.1239,25.532,7.5
16808,1,0,0,-73.3939,26.6108,25.532,7.5
16808,5,0,37.5,-78.5132,39.3939,25.532,7.5
16808,3,75,0,-81.6431,50.0333,25.532,7.5
16908,2,37.5,0,-64.8858,13.8075,25.907,7.5
16908,1,0,0,-73.5691,26.9708,25.907,7.5
16908,5,0,37.5,-78.5936,39.638,25.907,7.5
16908,3,75,0,-81.5462,49.6626,25.907,7.5
17008,2,37.5,0,-64.587,13.4942,26.282,7.5
17008,1,0,0,-73.7423,27.3312,26.282,7.5
17008,5,0,37.5,-78.6743,39.8841,26.282,7.5
17008,3,75,0,-81.4487,49.2919,26.282,7.5
17108,2,37.5,0,-64.2845,13.1841,26.657,7.5
17108,1,0,0,-73.9133,27.692,26.657,7.5
17108,5,0,37.5,-78.755,40.1322,26.657,7.5
17108,3,75,0,-81.3504,48.9213,26.657,7.5
17208,2,37.5,0,-63.9782,12.8775,27.032,7.5
17208,1,0,0,-74.0823,28.0531,27.032,7.5
17208,5,0,37.5,-78.836,40.3823,27.032,7.5
17208,3,75,0,-81.2514,48.5508,27.032,7.5
17308,2,37.5,0,-63.6683,12.5745,27.407,7.5
17308,1,0,0,-74.2493,28.4147,27.407,7.5
17308,5,0,37.5,-78.917,40.6343,27.407,7.5
17308,3,75,0,-81.1517,48.1803,27.407,7.5
17408,2,37.5,0,-63.3551,12.2756,27.782,7.5
17408,1,0,0,-74.4143,28.7765,27.782,7.5
17408,5,0,37.5,-78.9981,40.8881,27.782,7.5
17408,3,75,0,-81.0512,47.8099,27.782,7.5
17508,2,37.5,0,-63.0387,11.9809,28.157,7.5
17508,1,0,0,-74.5775,29.1387,28.157,7.5
17508,5,0,37.5,-79.0794,41.1438,28.157,7.5
17508,3,75,0,-80.95,47.4396,28.157,7.5
17608,2,37.5,0,-62.7196,11.6908,28.532,7.5
17608,1,0,0,-74.7387,29.5013,28.532,7.5
17608,5,0,37.5,-79.1606,41.4014,28.532,7.5
17608,3,75,0,-80.8479,47.0694,28.532,7.5
17708,2,37.5,0,-62.3981,11.4057,28.907,7.5
17708,1,0,0,-74.8981,29.8641,28.907,7.5
17708,5,0,37.5,-79.242,41.6607,28.907,7.5
17708,3,75,0,-80.7451,46.6992,28.907,7.5
17808,2,37.5,0,-62.0747,11.1259,29.282,7.5
17808,1,0,0,-75.0558,30.2272,29.282,7.5
17808,5,0,37.5,-79.3234,41.9218,29.282,7.5
17808,3,75,0,-80.6415,46.3291,29.282,7.5
17908,2,37.5,0,-61.7498,10.8519,29.657,7.5
17908,1,0,0,-75.2116,30.5906,29.657,7.5
17908,5,0,37.5,-79.4048,42.1846,29.657,7.5
17908,3,75,0,-80.5371,45.9591,29.657,7.5
18008,2,37.5,0,-61.4242,10.584,30.032,7.5
18008,1,0,0,-75.3657,30.9543,30.032,7.5
18008,5,0,37.5,-79.4862,42.449,30.032,7.5
18008,3,75,0,-80.4319,45.5892,30.032,7.5
18108,2,37.5,0,-61.0986,10.3228,30.407,7.5
18108,1,0,0,-75.5182,31.3183,30.407,7.5
18108,5,0,37.5,-79.5677,42.7152,30.407,7.5
18108,3,75,0,-80.3259,45.2193,30.407,7.5
18208,2,37.5,0,-60.774,10.0688,30.782,7.5
18208,1,0,0,-75.669,31.6825,30.782,7.5
18208,5,0,37.5,-79.6491,42.9829,30.782,7.5
18208,3,75,0,-80.2189,44.8496,30.782,7.5
18308,2,37.5,0,-60.4512,9.82262,31.157,7.5
18308,1,0,0,-75.8181,32.047,31.157,7.5
18308,5,0,37.5,-79.7305,43.2523,31.157,7.5
18308,3,75,0,-80.1112,44.4799,31.157,7.5
18408,2,37.5,0,-60.1314,9.58474,31.532,7.5
18408,1,0,0,-75.9657,32.4117,31.532,7.5
18408,5,0,37.5,-79.8118,43.5232,31.532,7.5
18408,3,75,0,-80.0026,44.1103,31.532,7.5
18508,2,37.5,0,-59.8161,9.35584,31.907,7.5
18508,1,0,0,-76.1117,32.7766,31.907,7.5
18508,3,75,0,-79.893,43.7408,31.907,7.5
18508,5,0,37.5,-79.8931,43.7956,31.907,7.5
18608,2,37.5,0,-59.5066,9.13661,32.282,7.5
18608,1,0,0,-76.2562,33.1418,32.282,7.5
18608,3,75,0,-79.7826,43.3714,32.282,7.5
18608,5,0,37.5,-79.9744,44.0696,32.282,7.5
18708,2,37.5,0,-59.2046,8.92775,32.657,7.5
18708,1,0,0,-76.3992,33.5071,32.657,7.5
18708,3,75,0,-79.6713,43.0021,32.657,7.5
18708,5,0,37.5,-80.0556,44.345,32.657,7.5
18808,2,37.5,0,-58.9119,8.73001,33.032,7.5
18808,1,0,0,-76.5407,33.8727,33.032,7.5
18808,3,75,0,-79.559,42.6329,33.032,7.5
18808,5,0,37.5,-80.1367,44.6219,33.032,7.5
18908,2,37.5,0,-58.6305,8.54416,33.407,7.5
18908,1,0,0,-76.6807,34.2385,33.407,7.5
18908,3,75,0,-79.4458,42.2638,33.407,7.5
18908,5,0,37.5,-80.2177,44.9002,33.407,7.5
18908,4,75,37.5,-81.9629,51.2833,33.407,7.5
19008,2,37.5,0,-58.3625,8.371,33.782,7.5
19008,1,0,0,-76.8194,34.6045,33.782,7.5
19008,3,75,0,-79.3316,41.8948,33.782,7.5
19008,5,0,37.5,-80.2986,45.1799,33.782,7.5
19008,4,75,37.5,-81.8856,50.9796,33.782,7.5
19108,2,37.5,0,-58.1101,8.21132,34.157,7.5
19108,1,0,0,-76.9567,34.9707,34.157,7.5
19108,3,75,0,-79.2165,41.5259,34.157,7.5
19108,5,0,37.5,-80.3794,45.461,34.157,7.5
19108,4,75,37.5,-81.808,50.6769,34.157,7.5
19208,2,37.5,0,-57.8757,8.06592,34.532,7.5
19208,1,0,0,-77.0926,35.3371,34.532,7.5
19208,3,75,0,-79.1003,41.1571,34.532,7.5
19208,5,0,37.5,-80.4601,45.7434,34.532,7.5
19208,4,75,37.5,-81.7302,50.3752,34.532,7.5
19308,2,37.5,0,-57.6616,7.9356,34.907,7.5
19308,1,0,0,-77.2271,35.7036,34.907,7.5
19308,3,75,0,-78.9832,40.7885,34.907,7.5
19308,5,0,37.5,-80.5407,46.0271,34.907,7.5
19308,4,75,37.5,-81.6522,50.0744,34.907,7.5
19408,2,37.5,0,-57.4702,7.8211,35.282,7.5
19408,1,0,0,-77.3604,36.0703,35.282,7.5
19408,3,75,0,-78.865,40.4199,35.282,7.5
19408,5,0,37.5,-80.6211,46.3122,35.282,7.5
19408,4,75,37.5,-81.574,49.7747,35.282,7.5
19508,2,37.5,0,-57.3038,7.72313,35.657,7.5
19508,1,0,0,-77.4923,36.4372,35.657,7.5
19508,3,75,0,-78.7458,40.0515,35.657,7.5
19508,5,0,37.5,-80.7015,46.5985,35.657,7.5
19508,4,75,37.5,-81.4956,49.476,35.657,7.5
19608,2,37.5,0,-57.1644,7.64232,36.032,7.5
19608,1,0,0,-77.623,36.8043,36.032,7.5
19608,3,75,0,-78.6255,39.6832,36.032,7.5
19608,5,0,37.5,-80.7816,46.8861,36.032,7.5
19608,4,75,37.5,-81.417,49.1783,36.032,7.5
19708,2,37.5,0,-57.0538,7.57923,36.407,7.5
19708,1,0,0,-77.7525,37.1715,36.407,7.5
19708,3,75,0,-78.5042,39.315,36.407,7.5
19708,5,0,37.5,-80.8616,47.1749,36.407,7.5
19708,4,75,37.5,-81.3382,48.8817,36.407,7.5
19808,2,37.5,0,-56.9737,7.53429,36.782,7.5
19808,1,0,0,-77.8807,37.5388,36.782,7.5
19808,3,75,0,-78.3817,38.947,36.782,7.5
19808,5,0,37.5,-80.9415,47.4649,36.782,7.5
19808,4,75,37.5,-81.2592,48.5862,36.782,7.5
19908,2,37.5,0,-56.9252,7.50784,37.157,7.5
19908,1,0,0,-78.0077,37.9064,37.157,7.5
19908,3,75,0,-78.2582,38.5791,37.157,7.5
19908,5,0,37.5,-81.0212,47.7561,37.157,7.5
19908,4,75,37.5,-81.18,48.2918,37.157,7.5
20008,2,37.5,0,-56.9089,7.50007,37.532,7.5
20008,1,0,0,-78.1336,38.274,37.532,7.5
20008,3,75,0,-78.1335,38.2113,37.532,7.5
20008,4,75,37.5,-81.1007,47.9985,37.532,7.5
20008,5,0,37.5,-81.1007,48.0484,37.532,7.5
20108,2,37.5,0,-56.9252,7.51103,37.907,7.5
20108,3,75,0,-78.0076,37.8436,37.907,7.5
20108,1,0,0,-78.2583,38.6418,37.907,7.5
20108,4,75,37.5,-81.0211,47.7063,37.907,7.5
20108,5,0,37.5,-81.1801,48.3419,37.907,7.5
20208,2,37.5,0,-56.9738,7.54066,38.282,7.5
20208,3,75,0,-77.8806,37.4762,38.282,7.5
20208,1,0,0,-78.3819,39.0098,38.282,7.5
20208,4,75,37.5,-80.9414,47.4153,38.282,7.5
20208,5,0,37.5,-81.2593,48.6365,38.282,7.5
20308,2,37.5,0,-57.0539,7.58872,38.657,7.5
20308,3,75,0,-77.7523,37.1088,38.657,7.5
20308,1,0,0,-78.5043,39.3778,38.657,7.5
20308,4,75,37.5,-80.8616,47.1255,38.657,7.5
20308,5,0,37.5,-81.3383,48.9322,38.657,7.5
20408,2,37.5,0,-57.1645,7.65487,39.032,7.5
20408,3,75,0,-77.6229,36.7416,39.032,7.5
20408,1,0,0,-78.6257,39.746,39.032,7.5
20408,4,75,37.5,-80.7815,46.8369,39.032,7.5
20408,5,0,37.5,-81.4171,49.229,39.032,7.5
20508,2,37.5,0,-57.3039,7.73864,39.407,7.5
20508,3,75,0,-77.4922,36.3746,39.407,7.5
20508,1,0,0,-78.7459,40.1143,39.407,7.5
20508,4,75,37.5,-80.7014,46.5496,39.407,7.5
20508,5,0,37.5,-81.4957,49.5269,39.407,7.5
20608,2,37.5,0,-57.4704,7.83948,39.782,7.5
20608,3,75,0,-77.3602,36.0078,39.782,7.5
20608,1,0,0,-78.8652,40.4828,39.782,7.5
20608,4,75,37.5,-80.6211,46.2635,39.782,7.5
20608,5,0,37.5,-81.5741,49.8258,39.782,7.5
20708,2,37.5,0,-57.6618,7.95673,40.157,7.5
20708,3,75,0,-77.227,35.6411,40.157,7.5
20708,1,0,0,-78.9833,40.8514,40.157,7.5
20708,4,75,37.5,-80.5406,45.9786,40.157,7.5
20708,5,0,37.5,-81.6523,50.1257,40.157,7.5
20808,2,37.5,0,-57.8759,8.08968,40.532,7.5
20808,3,75,0,-77.0924,35.2745,40.532,7.5
20808,1,0,0,-79.1005,41.22,40.532,7.5
20808,4,75,37.5,-80.46,45.6951,40.532,7.5
20808,5,0,37.5,-81.7303,50.4266,40.532,7.5
20908,2,37.5,0,-58.1103,8.23757,40.907,7.5
20908,3,75,0,-76.9565,34.9082,40.907,7.5
20908,1,0,0,-79.2166,41.5888,40.907,7.5
20908,4,75,37.5,-80.3793,45.4129,40.907,7.5
20908,5,0,37.5,-81.8081,50.7285,40.907,7.5
21008,2,37.5,0,-58.3627,8.39961,41.282,7.5
21008,3,75,0,-76.8193,34.5421,41.282,7.5
21008,1,0,0,-79.3317,41.9577,41.282,7.5
21008,4,75,37.5,-80.2985,45.1321,41.282,7.5
21008,5,0,37.5,-81.8857,51.0314,41.282,7.5
21108,2,37.5,0,-58.6307,8.575,41.657,7.5
21108,3,75,0,-76.6806,34.1761,41.657,7.5
21108,1,0,0,-79.4459,42.3268,41.657,7.5
21108,4,75,37.5,-80.2176,44.8526,41.657,7.5
21108,5,0,37.5,-81.963,51.3352,41.657,7.5
21208,2,37.5,0,-58.9122,8.76293,42.032,7.5
21208,3,75,0,-76.5405,33.8104,42.032,7.5
21208,1,0,0,-79.5591,42.6959,42.032,7.5
21208,4,75,37.5,-80.1366,44.5745,42.032,7.5
21308,2,37.5,0,-59.2049,8.96262,42.407,7.5
21308,3,75,0,-76.399,33.4448,42.407,7.5
21308,1,0,0,-79.6714,43.0651,42.407,7.5
21308,4,75,37.5,-80.0555,44.2979,42.407,7.5
21408,2,37.5,0,-59.5069,9.1733,42.782,7.5
21408,3,75,0,-76.256,33.0795,42.782,7.5
21408,1,0,0,-79.7827,43.4344,42.782,7.5
21408,4,75,37.5,-79.9743,44.0227,42.782,7.5
21508,2,37.5,0,-59.8164,9.39423,43.157,7.5
21508,3,75,0,-76.1116,32.7143,43.157,7.5
21508,1,0,0,-79.8931,43.8038,43.157,7.5
21508,4,75,37.5,-79.893,43.749,43.157,7.5
21608,2,37.5,0,-60.1318,9.6247,43.532,7.5
21608,3,75,0,-75.9656,32.3494,43.532,7.5
21608,4,75,37.5,-79.8117,43.4768,43.532,7.5
21608,1,0,0,-80.0027,44.1733,43.532,7.5
21708,2,37.5,0,-60.4515,9.86405,43.907,7.5
21708,3,75,0,-75.818,31.9848,43.907,7.5
21708,4,75,37.5,-79.7304,43.2062,43.907,7.5
21708,1,0,0,-80.1113,44.5429,43.907,7.5
21808,2,37.5,0,-60.7743,10.1116,44.282,7.5
21808,3,75,0,-75.6688,31.6203,44.282,7.5
21808,4,75,37.5,-79.649,42.9371,44.282,7.5
21808,1,0,0,-80.2191,44.9126,44.282,7.5
21908,2,37.5,0,-61.099,10.3669,44.657,7.5
21908,3,75,0,-75.518,31.2562,44.657,7.5
21908,4,75,37.5,-79.5676,42.6696,44.657,7.5
21908,1,0,0,-80.326,45.2824,44.657,7.5
22008,2,37.5,0,-61.4246,10.6292,45.032,7.5
22008,3,75,0,-75.3656,30.8923,45.032,7.5
22008,4,75,37.5,-79.4861,42.4038,45.032,7.5
22008,1,0,0,-80.432,45.6523,45.032,7.5
22108,2,37.5,0,-61.7501,10.8982,45.407,7.5
22108,3,75,0,-75.2115,30.5286,45.407,7.5
22108,4,75,37.5,-79.4047,42.1396,45.407,7.5
22108,1,0,0,-80.5372,46.0222,45.407,7.5
22208,2,37.5,0,-62.075,11.1732,45.782,7.5
22208,3,75,0,-75.0556,30.1652,45.782,7.5
22208,4,75,37.5,-79.3233,41.8771,45.782,7.5
22208,1,0,0,-80.6416,46.3922,45.782,7.5
22308,2,37.5,0,-62.3984,11.454,46.157,7.5
22308,3,75,0,-74.898,29.8022,46.157,7.5
22308,4,75,37.5,-79.2419,41.6163,46.157,7.5
22308,1,0,0,-80.7452,46.7624,46.157,7.5
22408,2,37.5,0,-62.7199,11.74,46.532,7.5
22408,3,75,0,-74.7386,29.4394,46.532,7.5
22408,4,75,37.5,-79.1606,41.3573,46.532,7.5
22408,1,0,0,-80.848,47.1325,46.532,7.5
22508,2,37.5,0,-63.0391,12.0309,46.907,7.5
22508,3,75,0,-74.5773,29.0769,46.907,7.5
22508,4,75,37.5,-79.0793,41.1001,46.907,7.5
22508,1,0,0,-80.9501,47.5028,46.907,7.5
22608,2,37.5,0,-63.3554,12.3263,47.282,7.5
22608,3,75,0,-74.4142,28.7148,47.282,7.5
22608,4,75,37.5,-78.9981,40.8447,47.282,7.5
22608,1,0,0,-81.0513,47.8731,47.282,7.5
22708,2,37.5,0,-63.6686,12.6259,47.657,7.5
22708,3,75,0,-74.2491,28.353,47.657,7.5
22708,4,75,37.5,-78.9169,40.5911,47.657,7.5
22708,1,0,0,-81.1518,48.2435,47.657,7.5
22808,2,37.5,0,-63.9785,12.9295,48.032,7.5
22808,3,75,0,-74.0821,27.9915,48.032,7.5
22808,4,75,37.5,-78.8359,40.3395,48.032,7.5
22808,1,0,0,-81.2515,48.614,48.032,7.5
22908,2,37.5,0,-64.2848,13.2368,48.407,7.5
22908,3,75,0,-73.9131,27.6304,48.407,7.5
22908,4,75,37.5,-78.755,40.0898,48.407,7.5
22908,1,0,0,-81.3505,48.9846,48.407,7.5
23008,2,37.5,0,-64.5873,13.5474,48.782,7.5
23008,3,75,0,-73.7421,27.2697,48.782,7.5
23008,4,75,37.5,-78.6742,39.842,48.782,7.5
23008,1,0,0,-81.4488,49.3552,48.782,7.5
23108,2,37.5,0,-64.8861,13.8613,49.157,7.5
23108,3,75,0,-73.569,26.9093,49.157,7.5
23108,4,75,37.5,-78.5935,39.5962,49.157,7.5
23108,1,0,0,-81.5463,49.7258,49.157,7.5
23208,2,37.5,0,-65.1808,14.1781,49.532,7.5
23208,3,75,0,-73.3937,26.5494,49.532,7.5
23208,4,75,37.5,-78.5131,39.3525,49.532,7.5
23208,1,0,0,-81.6432,50.0966,49.532,7.5
23308,2,37.5,0,-65.4716,14.4977,49.907,7.5
23308,3,75,0,-73.2162,26.1899,49.907,7.5
23308,4,75,37.5,-78.4328,39.1109,49.907,7.5
23308,1,0,0,-81.7393,50.4674,49.907,7.5
23408,2,37.5,0,-65.7583,14.8199,50.282,7.5
23408,3,75,0,-73.0366,25.8308,50.282,7.5
23408,4,75,37.5,-78.3528,38.8713,50.282,7.5
23408,1,0,0,-81.8348,50.8383,50.282,7.5
23508,2,37.5,0,-66.041,15.1445,50.657,7.5
23508,3,75,0,-72.8546,25.4722,50.657,7.5
23508,4,75,37.5,-78.2729,38.634,50.657,7.5
23508,1,0,0,-81.9295,51.2092,50.657,7.5
23608,2,37.5,0,-66.3196,15.4714,51.032,7.5
23608,3,75,0,-72.6703,25.1141,51.032,7.5
23608,4,75,37.5,-78.1934,38.3988,51.032,7.5
23708,2,37.5,0,-66.5941,15.8005,51.407,7.5
23708,3,75,0,-72.4837,24.7564,51.407,7.5
23708,4,75,37.5,-78.1141,38.1658,51.407,7.5
23808,2,37.5,0,-66.8646,16.1315,51.782,7.5
23808,3,75,0,-72.2946,24.3993,51.782,7.5
23808,4,75,37.5,-78.035,37.9352,51.782,7.5
23908,2,37.5,0,-67.1311,16.4644,52.157,7.5
23908,3,75,0,-72.103,24.0427,52.157,7.5
23908,4,75,37.5,-77.9564,37.7068,52.157,7.5
24008,2,37.5,0,-67.3936,16.7991,52.532,7.5
24008,3,75,0,-71.9088,23.6867,52.532,7.5
24008,4,75,37.5,-77.878,37.4808,52.532,7.5
24108,2,37.5,0,-67.6522,17.1355,52.907,7.5
24108,3,75,0,-71.7121,23.3313,52.907,7.5
24108,4,75,37.5,-77.8,37.2572,52.907,7.5
24208,2,37.5,0,-67.907,17.4734,53.282,7.5
24208,3,75,0,-71.5127,22.9766,53.282,7.5
24208,4,75,37.5,-77.7224,37.0361,53.282,7.5
24308,2,37.5,0,-68.158,17.8129,53.657,7.5
24308,3,75,0,-71.3105,22.6224,53.657,7.5
24308,4,75,37.5,-77.6452,36.8174,53.657,7.5
24408,2,37.5,0,-68.4053,18.1537,54.032,7.5
24408,3,75,0,-71.1056,22.269,54.032,7.5
24408,4,75,37.5,-77.5685,36.6013,54.032,7.5
24508,2,37.5,0,-68.6488,18.4958,54.407,7.5
24508,3,75,0,-70.8978,21.9163,54.407,7.5
24508,4,75,37.5,-77.4922,36.3878,54.407,7.5
24608,2,37.5,0,-68.8888,18.8392,54.782,7.5
24608,3,75,0,-70.6871,21.5643,54.782,7.5
24608,4,75,37.5,-77.4164,36.1769,54.782,7.5
24708,2,37.5,0,-69.1253,19.1838,55.157,7.5
24708,3,75,0,-70.4735,21.2131,55.157,7.5
24708,4,75,37.5,-77.3412,35.9687,55.157,7.5
24808,2,37.5,0,-69.3583,19.5295,55.532,7.5
24808,3,75,0,-70.2568,20.8627,55.532,7.5
24808,4,75,37.5,-77.2665,35.7632,55.532,7.5
24908,2,37.5,0,-69.5878,19.8763,55.907,7.5
24908,3,75,0,-70.0369,20.5132,55.907,7.5
24908,4,75,37.5,-77.1924,35.5604,55.907,7.5
25008,2,37.5,0,-69.8141,20.2241,56.282,7.5
25008,3,75,0,-69.8139,20.1647,56.282,7.5
25008,4,75,37.5,-77.1189,35.3605,56.282,7.5
25108,3,75,0,-69.5876,19.8171,56.657,7.5
25108,2,37.5,0,-70.0371,20.5728,56.657,7.5
25108,4,75,37.5,-77.046,35.1634,56.657,7.5
25208,3,75,0,-69.358,19.4705,57.032,7.5
25208,2,37.5,0,-70.257,20.9224,57.032,7.5
25208,4,75,37.5,-76.9738,34.9693,57.032,7.5
25308,3,75,0,-69.125,19.125,57.407,7.5
25308,2,37.5,0,-70.4737,21.2729,57.407,7.5
25308,4,75,37.5,-76.9023,34.7781,57.407,7.5
25408,3,75,0,-68.8886,18.7806,57.782,7.5
25408,2,37.5,0,-70.6874,21.6243,57.782,7.5
25408,4,75,37.5,-76.8315,34.5899,57.782,7.5
25508,3,75,0,-68.6486,18.4374,58.157,7.5
25508,2,37.5,0,-70.8981,21.9764,58.157,7.5
25508,4,75,37.5,-76.7616,34.4048,58.157,7.5
25608,3,75,0,-68.405,18.0955,58.532,7.5
25608,2,37.5,0,-71.1058,22.3292,58.532,7.5
25608,4,75,37.5,-76.6924,34.2227,58.532,7.5
25708,3,75,0,-68.1578,17.7549,58.907,7.5
25708,2,37.5,0,-71.3107,22.6828,58.907,7.5
25708,4,75,37.5,-76.624,34.0439,58.907,7.5
25808,3,75,0,-67.9068,17.4157,59.282,7.5
25808,2,37.5,0,-71.5129,23.037,59.282,7.5
25808,4,75,37.5,-76.5565,33.8682,59.282,7.5
25908,3,75,0,-67.652,17.078,59.657,7.5
25908,2,37.5,0,-71.7123,23.3919,59.657,7.5
25908,4,75,37.5,-76.49,33.6958,59.657,7.5
26008,3,75,0,-67.3934,16.7419,60.032,7.5
26008,2,37.5,0,-71.909,23.7474,60.032,7.5
26008,4,75,37.5,-76.4244,33.5267,60.032,7.5
26108,3,75,0,-67.1308,16.4075,60.407,7.5
26108,2,37.5,0,-72.1032,24.1035,60.407,7.5
26108,4,75,37.5,-76.3597,33.361,60.407,7.5
26208,3,75,0,-66.8643,16.0749,60.782,7.5
26208,2,37.5,0,-72.2948,24.4602,60.782,7.5
26208,4,75,37.5,-76.2961,33.1987,60.782,7.5
26308,3,75,0,-66.5938,15.7442,61.157,7.5
26308,2,37.5,0,-72.4839,24.8174,61.157,7.5
26308,4,75,37.5,-76.2335,33.0398,61.157,7.5
26408,3,75,0,-66.3193,15.4155,61.532,7.5
26408,2,37.5,0,-72.6705,25.1751,61.532,7.5
26408,4,75,37.5,-76.172,32.8845,61.532,7.5
26508,3,75,0,-66.0407,15.089,61.907,7.5
26508,2,37.5,0,-72.8548,25.5333,61.907,7.5
26508,4,75,37.5,-76.1116,32.7327,61.907,7.5
26608,3,75,0,-65.758,14.7647,62.282,7.5
26608,2,37.5,0,-73.0368,25.892,62.282,7.5
26608,4,75,37.5,-76.0524,32.5845,62.282,7.5
26708,3,75,0,-65.4713,14.443,62.657,7.5
26708,2,37.5,0,-73.2164,26.2512,62.657,7.5
26708,4,75,37.5,-75.9944,32.4399,62.657,7.5
26808,3,75,0,-65.1805,14.1239,63.032,7.5
26808,2,37.5,0,-73.3939,26.6108,63.032,7.5
26808,4,75,37.5,-75.9376,32.2991,63.032,7.5
26908,3,75,0,-64.8858,13.8075,63.407,7.5
26908,2,37.5,0,-73.5691,26.9708,63.407,7.5
26908,4,75,37.5,-75.8821,32.1621,63.407,7.5
27008,3,75,0,-64.587,13.4942,63.782,7.5
27008,2,37.5,0,-73.7423,27.3312,63.782,7.5
27008,4,75,37.5,-75.8279,32.0288,63.782,7.5
27108,3,75,0,-64.2845,13.1841,64.157,7.5
27108,2,37.5,0,-73.9133,27.692,64.157,7.5
27108,4,75,37.5,-75.775,31.8994,64.157,7.5
27208,3,75,0,-63.9782,12.8775,64.532,7.5
27208,2,37.5,0,-74.0823,28.0531,64.532,7.5
27208,4,75,37.5,-75.7235,31.7739,64.532,7.5
27308,3,75,0,-63.6683,12.5745,64.907,7.5
27308,2,37.5,0,-74.2493,28.4147,64.907,7.5
27308,4,75,37.5,-75.6734,31.6523,64.907,7.5
27408,3,75,0,-63.3551,12.2756,65.282,7.5
27408,2,37.5,0,-74.4143,28.7765,65.282,7.5
27408,4,75,37.5,-75.6248,31.5347,65.282,7.5
27508,3,75,0,-63.0387,11.9809,65.657,7.5
27508,2,37.5,0,-74.5775,29.1387,65.657,7.5
27508,4,75,37.5,-75.5777,31.4212,65.657,7.5
27608,3,75,0,-62.7196,11.6908,66.032,7.5
27608,2,37.5,0,-74.7387,29.5013,66.032,7.5
27608,4,75,37.5,-75.5321,31.3117,66.032,7.5
27708,3,75,0,-62.3981,11.4057,66.407,7.5
27708,2,37.5,0,-74.8981,29.8641,66.407,7.5
27708,4,75,37.5,-75.4881,31.2064,66.407,7.5
27808,3,75,0,-62.0747,11.1259,66.782,7.5
27808,2,37.5,0,-75.0558,30.2272,66.782,7.5
27808,4,75,37.5,-75.4456,31.1052,66.782,7.5
27908,3,75,0,-61.7498,10.8519,67.157,7.5
27908,2,37.5,0,-75.2116,30.5906,67.157,7.5
27908,4,75,37.5,-75.4048,31.0083,67.157,7.5
28008,3,75,0,-61.4244,10.6066,67.5,7.5
28008,2,37.5,0,-75.3657,30.9233,67.5,7.5
28008,4,75,37.5,-75.3657,30.9233,67.5,7.5
28108,3,75,0,-61.4244,10.6066,67.5,7.5
28108,2,37.5,0,-75.3657,30.9233,67.5,7.5
28108,4,75,37.5,-75.3657,30.9233,67.5,7.5
28208,3,75,0,-61.4244,10.6066,67.5,7.5
28208,2,37.5,0,-75.3657,30.9233,67.5,7.5
28208,4,75,37.5,-75.3657,30.9233,67.5,7.5
28308,3,75,0,-61.4244,10.6066,67.5,7.5
28308,2,37.5,0,-75.3657,30.9233,67.5,7.5
28308,4,75,37.5,-75.3657,30.9233,67.5,7.5
28408,3,75,0,-61.4244,10.6066,67.5,7.5
28408,2,37.5,0,-75.3657,30.9233,67.5,7.5
28408,4,75,37.5,-75.3657,30.9233,67.5,7.5
28508,3,75,0,-61.4244,10.6066,67.5,7.5
28508,2,37.5,0,-75.3657,30.9233,67.5,7.5
28508,4,75,37.5,-75.3657,30.9233,67.5,7.5
28608,3,75,0,-61.4244,10.6066,67.5,7.5
28608,2,37.5,0,-75.3657,30.9233,67.5,7.5
28608,4,75,37.5,-75.3657,30.9233,67.5,7.5
28708,3,75,0,-61.4244,10.6066,67.5,7.5
28708,2,37.5,0,-75.3657,30.9233,67.5,7.5
28708,4,75,37.5,-75.3657,30.9233,67.5,7.5
28808,3,75,0,-61.4244,10.6066,67.5,7.5
28808,2,37.5,0,-75.3657,30.9233,67.5,7.5
28808,4,75,37.5,-75.3657,30.9233,67.5,7.5
28908,3,75,0,-61.4244,10.6066,67.5,7.5
28908,2,37.5,0,-75.3657,30.9233,67.5,7.5
28908,4,75,37.5,-75.3657,30.9233,67.5,7.5
29008,3,75,0,-61.4244,10.6066,67.5,7.5
29008,2,37.5,0,-75.3657,30.9233,67.5,7.5
29008,4,75,37.5,-75.3657,30.9233,67.5,7.5
29108,3,75,0,-61.4244,10.6066,67.5,7.5
29108,2,37.5,0,-75.3657,30.9233,67.5,7.5
29108,4,75,37.5,-75.3657,30.9233,67.5,7.5
29208,3,75,0,-61.4244,10.6066,67.5,7.5
29208,2,37.5,0,-75.3657,30.9233,67.5,7.5
29208,4,75,37.5,-75.3657,30.9233,67.5,7.5
29308,3,75,0,-61.4244,10.6066,67.5,7.5
29308,2,37.5,0,-75.3657,30.9233,67.5,7.5
29308,4,75,37.5,-75.3657,30.9233,67.5,7.5
29408,3,75,0,-61.4244,10.6066,67.5,7.5
29408,2,37.5,0,-75.3657,30.9233,67.5,7.5
29408,4,75,37.5,-75.3657,30.9233,67.5,7.5
29508,3,75,0,-61.4244,10.6066,67.5,7.5
29508,2,37.5,0,-75.3657,30.9233,67.5,7.5
29508,4,75,37.5,-75.3657,30.9233,67.5,7.5
29608,3,75,0,-61.4244,10.6066,67.5,7.5
29608,2,37.5,0,-75.3657,30.9233,67.5,7.5
29608,4,75,37.5,-75.3657,30.9233,67.5,7.5
29708,3,75,0,-61.4244,10.6066,67.5,7.5
29708,2,37.5,0,-75.3657,30.9233,67.5,7.5
29708,4,75,37.5,-75.3657,30.9233,67.5,7.5
29808,3,75,0,-61.4244,10.6066,67.5,7.5
29808,2,37.5,0,-75.3657,30.9233,67.5,7.5
29808,4,75,37.5,-75.3657,30.9233,67.5,7.5
29908,3,75,0,-61.4244,10.6066,67.5,7.5
29908,2,37.5,0,-75.3657,30.9233,67.5,7.5
29908,4,75,37.5,-75.3657,30.9233,67.5,7.5
30008,3,75,0,-61.4246,10.6292,67.5,7.53199
30008,2,37.5,0,-75.3657,30.9311,67.5,7.53199
30008,4,75,37.5,-75.3656,30.8923,67.5,7.53199
30108,3,75,0,-61.7501,10.8982,67.5,7.90699
30108,4,75,37.5,-75.2115,30.5286,67.5,7.90699
30108,2,37.5,0,-75.4049,31.0245,67.5,7.90699
30208,3,75,0,-62.075,11.1732,67.5,8.28199
30208,4,75,37.5,-75.0556,30.1652,67.5,8.28199
30208,2,37.5,0,-75.4457,31.1222,67.5,8.28199
30308,3,75,0,-62.3984,11.454,67.5,8.65699
30308,4,75,37.5,-74.898,29.8022,67.5,8.65699
30308,2,37.5,0,-75.4881,31.2241,67.5,8.65699
30408,3,75,0,-62.7199,11.74,67.5,9.03199
30408,4,75,37.5,-74.7386,29.4394,67.5,9.03199
30408,2,37.5,0,-75.5322,31.3301,67.5,9.03199
30508,3,75,0,-63.0391,12.0309,67.5,9.40699
30508,4,75,37.5,-74.5773,29.0769,67.5,9.40699
30508,2,37.5,0,-75.5778,31.4403,67.5,9.40699
30608,3,75,0,-63.3554,12.3263,67.5,9.78199
30608,4,75,37.5,-74.4142,28.7148,67.5,9.78199
30608,2,37.5,0,-75.6249,31.5545,67.5,9.78199
30708,3,75,0,-63.6686,12.6259,67.5,10.157
30708,4,75,37.5,-74.2491,28.353,67.5,10.157
30708,2,37.5,0,-75.6735,31.6728,67.5,10.157
30808,3,75,0,-63.9785,12.9295,67.5,10.532
30808,4,75,37.5,-74.0821,27.9915,67.5,10.532
30808,2,37.5,0,-75.7236,31.795,67.5,10.532
30908,3,75,0,-64.2848,13.2368,67.5,10.907
30908,4,75,37.5,-73.9131,27.6304,67.5,10.907
30908,2,37.5,0,-75.775,31.9212,67.5,10.907
31008,3,75,0,-64.5873,13.5474,67.5,11.282
31008,4,75,37.5,-73.7421,27.2697,67.5,11.282
31008,2,37.5,0,-75.8279,32.0513,67.5,11.282
31108,3,75,0,-64.8861,13.8613,67.5,11.657
31108,4,75,37.5,-73.569,26.9093,67.5,11.657
31108,2,37.5,0,-75.8821,32.1852,67.5,11.657
31208,3,75,0,-65.1808,14.1781,67.5,12.032
31208,4,75,37.5,-73.3937,26.5494,67.5,12.032
31208,2,37.5,0,-75.9376,32.3229,67.5,12.032
31308,3,75,0,-65.4716,14.4977,67.5,12.407
31308,4,75,37.5,-73.2162,26.1899,67.5,12.407
31308,2,37.5,0,-75.9944,32.4643,67.5,12.407
31408,3,75,0,-65.7583,14.8199,67.5,12.782
31408,4,75,37.5,-73.0366,25.8308,67.5,12.782
31408,2,37.5,0,-76.0524,32.6095,67.5,12.782
31508,3,75,0,-66.041,15.1445,67.5,13.157
31508,4,75,37.5,-72.8546,25.4722,67.5,13.157
31508,2,37.5,0,-76.1117,32.7583,67.5,13.157
31608,3,75,0,-66.3196,15.4714,67.5,13.532
31608,4,75,37.5,-72.6703,25.1141,67.5,13.532
31608,2,37.5,0,-76.172,32.9107,67.5,13.532
31708,3,75,0,-66.5941,15.8005,67.5,13.907
31708,4,75,37.5,-72.4837,24.7564,67.5,13.907
31708,2,37.5,0,-76.2335,33.0667,67.5,13.907
31808,3,75,0,-66.8646,16.1315,67.5,14.282
31808,4,75,37.5,-72.2946,24.3993,67.5,14.282
31808,2,37.5,0,-76.2961,33.2261,67.5,14.282
31908,3,75,0,-67.1311,16.4644,67.5,14.657
31908,4,75,37.5,-72.103,24.0427,67.5,14.657
31908,2,37.5,0,-76.3598,33.389,67.5,14.657
32008,3,75,0,-67.3936,16.7991,67.5,15.032
32008,4,75,37.5,-71.9088,23.6867,67.5,15.032
32008,2,37.5,0,-76.4244,33.5553,67.5,15.032
32108,3,75,0,-67.6522,17.1355,67.5,15.407
32108,4,75,37.5,-71.7121,23.3313,67.5,15.407
32108,2,37.5,0,-76.49,33.725,67.5,15.407
32208,3,75,0,-67.907,17.4734,67.5,15.782
32208,4,75,37.5,-71.5127,22.9766,67.5,15.782
32208,2,37.5,0,-76.5566,33.898,67.5,15.782
32308,3,75,0,-68.158,17.8129,67.5,16.157
32308,4,75,37.5,-71.3105,22.6224,67.5,16.157
32308,2,37.5,0,-76.6241,34.0742,67.5,16.157
32408,3,75,0,-68.4053,18.1537,67.5,16.532
32408,4,75,37.5,-71.1056,22.269,67.5,16.532
32408,2,37.5,0,-76.6924,34.2536,67.5,16.532
32508,3,75,0,-68.6488,18.4958,67.5,16.907
32508,4,75,37.5,-70.8978,21.9163,67.5,16.907
32508,2,37.5,0,-76.7616,34.4361,67.5,16.907
32608,3,75,0,-68.8888,18.8392,67.5,17.282
32608,4,75,37.5,-70.6871,21.5643,67.5,17.282
32608,2,37.5,0,-76.8316,34.6218,67.5,17.282
32708,3,75,0,-69.1253,19.1838,67.5,17.657
32708,4,75,37.5,-70.4735,21.2131,67.5,17.657
32708,2,37.5,0,-76.9024,34.8105,67.5,17.657
32808,3,75,0,-69.3583,19.5295,67.5,18.032
32808,4,75,37.5,-70.2568,20.8627,67.5,18.032
32808,2,37.5,0,-76.9739,35.0022,67.5,18.032
32908,3,75,0,-69.5878,19.8763,67.5,18.407
32908,4,75,37.5,-70.0369,20.5132,67.5,18.407
32908,2,37.5,0,-77.0461,35.1968,67.5,18.407
33008,3,75,0,-69.8141,20.2241,67.5,18.782
33008,4,75,37.5,-69.8139,20.1647,67.5,18.782
33008,2,37.5,0,-77.1189,35.3944,67.5,18.782
33108,4,75,37.5,-69.5876,19.8171,67.5,19.157
33108,3,75,0,-70.0371,20.5728,67.5,19.157
33108,2,37.5,0,-77.1924,35.5948,67.5,19.157
33208,4,75,37.5,-69.358,19.4705,67.5,19.532
33208,3,75,0,-70.257,20.9224,67.5,19.532
33208,2,37.5,0,-77.2666,35.798,67.5,19.532
33308,4,75,37.5,-69.125,19.125,67.5,19.907
33308,3,75,0,-70.4737,21.2729,67.5,19.907
33308,2,37.5,0,-77.3413,36.004,67.5,19.907
33408,4,75,37.5,-68.8886,18.7806,67.5,20.282
33408,3,75,0,-70.6874,21.6243,67.5,20.282
33408,2,37.5,0,-77.4165,36.2127,67.5,20.282
33508,4,75,37.5,-68.6486,18.4374,67.5,20.657
33508,3,75,0,-70.8981,21.9764,67.5,20.657
33508,2,37.5,0,-77.4923,36.424,67.5,20.657
33608,4,75,37.5,-68.405,18.0955,67.5,21.032
33608,3,75,0,-71.1058,22.3292,67.5,21.032
33608,2,37.5,0,-77.5686,36.638,67.5,21.032
33708,4,75,37.5,-68.1578,17.7549,67.5,21.407
33708,3,75,0,-71.3107,22.6828,67.5,21.407
33708,2,37.5,0,-77.6453,36.8546,67.5,21.407
33808,4,75,37.5,-67.9068,17.4157,67.5,21.782
33808,3,75,0,-71.5129,23.037,67.5,21.782
33808,2,37.5,0,-77.7225,37.0736,67.5,21.782
33908,4,75,37.5,-67.652,17.078,67.5,22.157
33908,3,75,0,-71.7123,23.3919,67.5,22.157
33908,2,37.5,0,-77.8001,37.2952,67.5,22.157
34008,4,75,37.5,-67.3934,16.7419,67.5,22.532
34008,3,75,0,-71.909,23.7474,67.5,22.532
34008,2,37.5,0,-77.8781,37.5192,67.5,22.532
34108,4,75,37.5,-67.1308,16.4075,67.5,22.907
34108,3,75,0,-72.1032,24.1035,67.5,22.907
34108,2,37.5,0,-77.9564,37.7456,67.5,22.907
34208,4,75,37.5,-66.8643,16.0749,67.5,23.282
34208,3,75,0,-72.2948,24.4602,67.5,23.282
34208,2,37.5,0,-78.0351,37.9743,67.5,23.282
34308,4,75,37.5,-66.5938,15.7442,67.5,23.657
34308,3,75,0,-72.4839,24.8174,67.5,23.657
34308,2,37.5,0,-78.1141,38.2054,67.5,23.657
34408,4,75,37.5,-66.3193,15.4155,67.5,24.032
34408,3,75,0,-72.6705,25.1751,67.5,24.032
34408,2,37.5,0,-78.1934,38.4387,67.5,24.032
34508,4,75,37.5,-66.0407,15.089,67.5,24.407
34508,3,75,0,-72.8548,25.5333,67.5,24.407
34508,2,37.5,0,-78.273,38.6743,67.5,24.407
34508,8,75,75,-81.9294,51.1459,67.5,24.407
34608,4,75,37.5,-65.758,14.7647,67.5,24.782
34608,3,75,0,-73.0368,25.892,67.5,24.782
34608,2,37.5,0,-78.3528,38.912,67.5,24.782
34608,8,75,75,-81.8347,50.775,67.5,24.782
34708,4,75,37.5,-65.4713,14.443,67.5,25.157
34708,3,75,0,-73.2164,26.2512,67.5,25.157
34708,2,37.5,0,-78.4329,39.1519,67.5,25.157
34708,8,75,75,-81.7392,50.4041,67.5,25.157
34808,4,75,37.5,-65.1805,14.1239,67.5,25.532
34808,3,75,0,-73.3939,26.6108,67.5,25.532
34808,2,37.5,0,-78.5132,39.3939,67.5,25.532
34808,8,75,75,-81.6431,50.0333,67.5,25.532
34908,4,75,37.5,-64.8858,13.8075,67.5,25.907
34908,3,75,0,-73.5691,26.9708,67.5,25.907
34908,2,37.5,0,-78.5936,39.638,67.5,25.907
34908,8,75,75,-81.5462,49.6626,67.5,25.907
35008,4,75,37.5,-64.587,13.4942,67.5,26.282
35008,3,75,0,-73.7423,27.3312,67.5,26.282
35008,2,37.5,0,-78.6743,39.8841,67.5,26.282
35008,8,75,75,-81.4487,49.2919,67.5,26.282
35108,4,75,37.5,-64.2845,13.1841,67.5,26.657
35108,3,75,0,-73.9133,27.692,67.5,26.657
35108,2,37.5,0,-78.755,40.1322,67.5,26.657
35108,8,75,75,-81.3504,48.9213,67.5,26.657
35208,4,75,37.5,-63.9782,12.8775,67.5,27.032
35208,3,75,0,-74.0823,28.0531,67.5,27.032
35208,2,37.5,0,-78.836,40.3823,67.5,27.032
35208,8,75,75,-81.2514,48.5508,67.5,27.032
35308,4,75,37.5,-63.6683,12.5745,67.5,27.407
35308,3,75,0,-74.2493,28.4147,67.5,27.407
35308,2,37.5,0,-78.917,40.6343,67.5,27.407
35308,8,75,75,-81.1517,48.1803,67.5,27.407
35408,4,75,37.5,-63.3551,12.2756,67.5,27.782
35408,3,75,0,-74.4143,28.7765,67.5,27.782
35408,2,37.5,0,-78.9981,40.8881,67.5,27.782
35408,8,75,75,-81.0512,47.8099,67.5,27.782
35508,4,75,37.5,-63.0387,11.9809,67.5,28.157
35508,3,75,0,-74.5775,29.1387,67.5,28.157
35508,2,37.5,0,-79.0794,41.1438,67.5,28.157
35508,8,75,75,-80.95,47.4396,67.5,28.157
35608,4,75,37.5,-62.7196,11.6908,67.5,28.532
35608,3,75,0,-74.7387,29.5013,67.5,28.532
35608,2,37.5,0,-79.1606,41.4014,67.5,28.532
35608,8,75,75,-80.8479,47.0694,67.5,28.532
35708,4,75,37.5,-62.3981,11.4057,67.5,28.907
35708,3,75,0,-74.8981,29.8641,67.5,28.907
35708,2,37.5,0,-79.242,41.6607,67.5,28.907
35708,8,75,75,-80.7451,46.6992,67.5,28.907
35808,4,75,37.5,-62.0747,11.1259,67.5,29.282
35808,3,75,0,-75.0558,30.2272,67.5,29.282
35808,2,37.5,0,-79.3234,41.9218,67.5,29.282
35808,8,75,75,-80.6415,46.3291,67.5,29.282
35908,4,75,37.5,-61.7498,10.8519,67.5,29.657
35908,3,75,0,-75.2116,30.5906,67.5,29.657
35908,2,37.5,0,-79.4048,42.1846,67.5,29.657
35908,8,75,75,-80.5371,45.9591,67.5,29.657
36008,4,75,37.5,-61.4242,10.584,67.5,30.032
36008,3,75,0,-75.3657,30.9543,67.5,30.032
36008,2,37.5,0,-79.4862,42.449,67.5,30.032
36008,8,75,75,-80.4319,45.5892,67.5,30.032
36108,4,75,37.5,-61.0986,10.3228,67.5,30.407
36108,3,75,0,-75.5182,31.3183,67.5,30.407
36108,2,37.5,0,-79.5677,42.7152,67.5,30.407
36108,8,75,75,-80.3259,45.2193,67.5,30.407
36208,4,75,37.5,-60.774,10.0688,67.5,30.782
36208,3,75,0,-75.669,31.6825,67.5,30.782
36208,2,37.5,0,-79.6491,42.9829,67.5,30.782
36208,8,75,75,-80.2189,44.8496,67.5,30.782
36308,4,75,37.5,-60.4512,9.82262,67.5,31.157
36308,3,75,0,-75.8181,32.047,67.5,31.157
36308,2,37.5,0,-79.7305,43.2523,67.5,31.157
36308,8,75,75,-80.1112,44.4799,67.5,31.157
36408,4,75,37.5,-60.1314,9.58474,67.5,31.532
36408,3,75,0,-75.9657,32.4117,67.5,31.532
36408,2,37.5,0,-79.8118,43.5232,67.5,31.532
36408,8,75,75,-80.0026,44.1103,67.5,31.532
36508,4,75,37.5,-59.8161,9.35584,67.5,31.907
36508,3,75,0,-76.1117,32.7766,67.5,31.907
36508,2,37.5,0,-79.8931,43.7956,67.5,31.907
36508,8,75,75,-79.893,43.7408,67.5,31.907
36608,4,75,37.5,-59.5066,9.13661,67.5,32.282
36608,3,75,0,-76.2562,33.1418,67.5,32.282
36608,8,75,75,-79.7826,43.3714,67.5,32.282
36608,2,37.5,0,-79.9744,44.0696,67.5,32.282
36708,4,75,37.5,-59.2046,8.92775,67.5,32.657
36708,3,75,0,-76.3992,33.5071,67.5,32.657
36708,8,75,75,-79.6713,43.0021,67.5,32.657
36708,2,37.5,0,-80.0556,44.345,67.5,32.657
36808,4,75,37.5,-58.9119,8.73001,67.5,33.032
36808,3,75,0,-76.5407,33.8727,67.5,33.032
36808,8,75,75,-79.559,42.6329,67.5,33.032
36808,2,37.5,0,-80.1367,44.6219,67.5,33.032
36908,4,75,37.5,-58.6305,8.54416,67.5,33.407
36908,3,75,0,-76.6807,34.2385,67.5,33.407
36908,8,75,75,-79.4458,42.2638,67.5,33.407
36908,2,37.5,0,-80.2177,44.9002,67.5,33.407
36908,7,37.5,75,-81.9629,51.2833,67.5,33.407
37008,4,75,37.5,-58.3625,8.371,67.5,33.782
37008,3,75,0,-76.8194,34.6045,67.5,33.782
37008,8,75,75,-79.3316,41.8948,67.5,33.782
37008,2,37.5,0,-80.2986,45.1799,67.5,33.782
37008,7,37.5,75,-81.8856,50.9796,67.5,33.782
37108,4,75,37.5,-58.1101,8.21132,67.5,34.157
37108,3,75,0,-76.9567,34.9707,67.5,34.157
37108,8,75,75,-79.2165,41.5259,67.5,34.157
37108,2,37.5,0,-80.3794,45.461,67.5,34.157
37108,7,37.5,75,-81.808,50.6769,67.5,34.157
37208,4,75,37.5,-57.8757,8.06592,67.5,34.532
37208,3,75,0,-77.0926,35.3371,67.5,34.532
37208,8,75,75,-79.1003,41.1571,67.5,34.532
37208,2,37.5,0,-80.4601,45.7434,67.5,34.532
37208,7,37.5,75,-81.7302,50.3752,67.5,34.532
37308,4,75,37.5,-57.6616,7.9356,67.5,34.907
37308,3,75,0,-77.2271,35.7036,67.5,34.907
37308,8,75,75,-78.9832,40.7885,67.5,34.907
37308,2,37.5,0,-80.5407,46.0271,67.5,34.907
37308,7,37.5,75,-81.6522,50.0744,67.5,34.907
37408,4,75,37.5,-57.4702,7.8211,67.5,35.282
37408,3,75,0,-77.3604,36.0703,67.5,35.282
37408,8,75,75,-78.865,40.4199,67.5,35.282
37408,2,37.5,0,-80.6211,46.3122,67.5,35.282
37408,7,37.5,75,-81.574,49.7747,67.5,35.282
37508,4,75,37.5,-57.3038,7.72313,67.5,35.657
37508,3,75,0,-77.4923,36.4372,67.5,35.657
37508,8,75,75,-78.7458,40.0515,67.5,35.657
37508,2,37.5,0,-80.7015,46.5985,67.5,35.657
37508,7,37.5,75,-81.4956,49.476,67.5,35.657
37608,4,75,37.5,-57.1644,7.64232,67.5,36.032
37608,3,75,0,-77.623,36.8043,67.5,36.032
37608,8,75,75,-78.6255,39.6832,67.5,36.032
37608,2,37.5,0,-80.7816,46.8861,67.5,36.032
37608,7,37.5,75,-81.417,49.1783,67.5,36.032
37708,4,75,37.5,-57.0538,7.57923,67.5,36.407
37708,3,75,0,-77.7525,37.1715,67.5,36.407
37708,8,75,75,-78.5042,39.315,67.5,36.407
37708,2,37.5,0,-80.8616,47.1749,67.5,36.407
37708,7,37.5,75,-81.3382,48.8817,67.5,36.407
37808,4,75,37.5,-56.9737,7.53429,67.5,36.782
37808,3,75,0,-77.8807,37.5388,67.5,36.782
37808,8,75,75,-78.3817,38.947,67.5,36.782
37808,2,37.5,0,-80.9415,47.4649,67.5,36.782
37808,7,37.5,75,-81.2592,48.5862,67.5,36.782
37908,4,75,37.5,-56.9252,7.50784,67.5,37.157
37908,3,75,0,-78.0077,37.9064,67.5,37.157
37908,8,75,75,-78.2582,38.5791,67.5,37.157
37908,2,37.5,0,-81.0212,47.7561,67.5,37.157
37908,7,37.5,75,-81.18,48.2918,67.5,37.157
38008,4,75,37.5,-56.9089,7.50007,67.5,37.532
38008,3,75,0,-78.1336,38.274,67.5,37.532
38008,8,75,75,-78.1335,38.2113,67.5,37.532
38008,2,37.5,0,-81.1007,48.0484,67.5,37.532
38008,7,37.5,75,-81.1007,47.9985,67.5,37.532
38108,4,75,37.5,-56.9252,7.51103,67.5,37.907
38108,8,75,75,-78.0076,37.8436,67.5,37.907
38108,3,75,0,-78.2583,38.6418,67.5,37.907
38108,7,37.5,75,-81.0211,47.7063,67.5,37.907
38108,2,37.5,0,-81.1801,48.3419,67.5,37.907
38208,4,75,37.5,-56.9738,7.54066,67.5,38.282
38208,8,75,75,-77.8806,37.4762,67.5,38.282
38208,3,75,0,-78.3819,39.0098,67.5,38.282
38208,7,37.5,75,-80.9414,47.4153,67.5,38.282
38208,2,37.5,0,-81.2593,48.6365,67.5,38.282
38308,4,75,37.5,-57.0539,7.58872,67.5,38.657
38308,8,75,75,-77.7523,37.1088,67.5,38.657
38308,3,75,0,-78.5043,39.3778,67.5,38.657
38308,7,37.5,75,-80.8616,47.1255,67.5,38.657
38308,2,37.5,0,-81.3383,48.9322,67.5,38.657
38408,4,75,37.5,-57.1645,7.65487,67.5,39.032
38408,8,75,75,-77.6229,36.7416,67.5,39.032
38408,3,75,0,-78.6257,39.746,67.5,39.032
38408,7,37.5,75,-80.7815,46.8369,67.5,39.032
38408,2,37.5,0,-81.4171,49.229,67.5,39.032
38508,4,75,37.5,-57.3039,7.73864,67.5,39.407
38508,8,75,75,-77.4922,36.3746,67.5,39.407
38508,3,75,0,-78.7459,40.1143,67.5,39.407
38508,7,37.5,75,-80.7014,46.5496,67.5,39.407
38508,2,37.5,0,-81.4957,49.5269,67.5,39.407
38608,4,75,37.5,-57.4704,7.83948,67.5,39.782
38608,8,75,75,-77.3602,36.0078,67.5,39.782
38608,3,75,0,-78.8652,40.4828,67.5,39.782
38608,7,37.5,75,-80.6211,46.2635,67.5,39.782
38608,2,37.5,0,-81.5741,49.8258,67.5,39.782
38708,4,75,37.5,-57.6618,7.95673,67.5,40.157
38708,8,75,75,-77.227,35.6411,67.5,40.157
38708,3,75,0,-78.9833,40.8514,67.5,40.157
38708,7,37.5,75,-80.5406,45.9786,67.5,40.157
38708,2,37.5,0,-81.6523,50.1257,67.5,40.157
38808,4,75,37.5,-57.8759,8.08968,67.5,40.532
38808,8,75,75,-77.0924,35.2745,67.5,40.532
38808,3,75,0,-79.1005,41.22,67.5,40.532
38808,7,37.5,75,-80.46,45.6951,67.5,40.532
38808,2,37.5,0,-81.7303,50.4266,67.5,40.532
38908,4,75,37.5,-58.1103,8.23757,67.5,40.907
38908,8,75,75,-76.9565,34.9082,67.5,40.907
38908,3,75,0,-79.2166,41.5888,67.5,40.907
38908,7,37.5,75,-80.3793,45.4129,67.5,40.907
38908,2,37.5,0,-81.8081,50.7285,67.5,40.907
39008,4,75,37.5,-58.3627,8.39961,67.5,41.282
39008,8,75,75,-76.8193,34.5421,67.5,41.282
39008,3,75,0,-79.3317,41.9577,67.5,41.282
39008,7,37.5,75,-80.2985,45.1321,67.5,41.282
39008,2,37.5,0,-81.8857,51.0314,67.5,41.282
39108,4,75,37.5,-58.6307,8.575,67.5,41.657
39108,8,75,75,-76.6806,34.1761,67.5,41.657
39108,3,75,0,-79.4459,42.3268,67.5,41.657
39108,7,37.5,75,-80.2176,44.8526,67.5,41.657
39108,2,37.5,0,-81.963,51.3352,67.5,41.657
39208,4,75,37.5,-58.9122,8.76293,67.5,42.032
39208,8,75,75,-76.5405,33.8104,67.5,42.032
39208,3,75,0,-79.5591,42.6959,67.5,42.032
39208,7,37.5,75,-80.1366,44.5745,67.5,42.032
39308,4,75,37.5,-59.2049,8.96262,67.5,42.407
39308,8,75,75,-76.399,33.4448,67.5,42.407
39308,3,75,0,-79.6714,43.0651,67.5,42.407
39308,7,37.5,75,-80.0555,44.2979,67.5,42.407
39408,4,75,37.5,-59.5069,9.1733,67.5,42.782
39408,8,75,75,-76.256,33.0795,67.5,42.782
39408,3,75,0,-79.7827,43.4344,67.5,42.782
39408,7,37.5,75,-79.9743,44.0227,67.5,42.782
39508,4,75,37.5,-59.8164,9.39423,67.5,43.157
39508,8,75,75,-76.1116,32.7143,67.5,43.157
39508,3,75,0,-79.8931,43.8038,67.5,43.157
39508,7,37.5,75,-79.893,43.749,67.5,43.157
39608,4,75,37.5,-60.1318,9.6247,67.5,43.532
39608,8,75,75,-75.9656,32.3494,67.5,43.532
39608,7,37.5,75,-79.8117,43.4768,67.5,43.532
39608,3,75,0,-80.0027,44.1733,67.5,43.532
39708,4,75,37.5,-60.4515,9.86405,67.5,43.907
39708,8,75,75,-75.818,31.9848,67.5,43.907
39708,7,37.5,75,-79.7304,43.2062,67.5,43.907
39708,3,75,0,-80.1113,44.5429,67.5,43.907
39808,4,75,37.5,-60.7743,10.1116,67.5,44.282
39808,8,75,75,-75.6688,31.6203,67.5,44.282
39808,7,37.5,75,-79.649,42.9371,67.5,44.282
39808,3,75,0,-80.2191,44.9126,67.5,44.282
39908,4,75,37.5,-61.099,10.3669,67.5,44.657
39908,8,75,75,-75.518,31.2562,67.5,44.657
39908,7,37.5,75,-79.5676,42.6696,67.5,44.657
39908,3,75,0,-80.326,45.2824,67.5,44.657
40008,4,75,37.5,-61.4246,10.6292,67.5,45.032
40008,8,75,75,-75.3656,30.8923,67.5,45.032
40008,7,37.5,75,-79.4861,42.4038,67.5,45.032
40008,3,75,0,-80.432,45.6523,67.5,45.032
40108,4,75,37.5,-61.7501,10.8982,67.5,45.407
40108,8,75,75,-75.2115,30.5286,67.5,45.407
40108,7,37.5,75,-79.4047,42.1396,67.5,45.407
40108,3,75,0,-80.5372,46.0222,67.5,45.407
40208,4,75,37.5,-62.075,11.1732,67.5,45.782
40208,8,75,75,-75.0556,30.1652,67.5,45.782
40208,7,37.5,75,-79.3233,41.8771,67.5,45.782
40208,3,75,0,-80.6416,46.3922,67.5,45.782
40308,4,75,37.5,-62.3984,11.454,67.5,46.157
40308,8,75,75,-74.898,29.8022,67.5,46.157
40308,7,37.5,75,-79.2419,41.6163,67.5,46.157
40308,3,75,0,-80.7452,46.7624,67.5,46.157
40408,4,75,37.5,-62.7199,11.74,67.5,46.532
40408,8,75,75,-74.7386,29.4394,67.5,46.532
40408,7,37.5,75,-79.1606,41.3573,67.5,46.532
40408,3,75,0,-80.848,47.1325,67.5,46.532
40508,4,75,37.5,-63.0391,12.0309,67.5,46.907
40508,8,75,75,-74.5773,29.0769,67.5,46.907
40508,7,37.5,75,-79.0793,41.1001,67.5,46.907
40508,3,75,0,-80.9501,47.5028,67.5,46.907
40608,4,75,37.5,-63.3554,12.3263,67.5,47.282
40608,8,75,75,-74.4142,28.7148,67.5,47.282
40608,7,37.5,75,-78.9981,40.8447,67.5,47.282
40608,3,75,0,-81.0513,47.8731,67.5,47.282
40708,4,75,37.5,-63.6686,12.6259,67.5,47.657
40708,8,75,75,-74.2491,28.353,67.5,47.657
40708,7,37.5,75,-78.9169,40.5911,67.5,47.657
40708,3,75,0,-81.1518,48.2435,67.5,47.657
40808,4,75,37.5,-63.9785,12.9295,67.5,48.032
40808,8,75,75,-74.0821,27.9915,67.5,48.032
40808,7,37.5,75,-78.8359,40.3395,67.5,48.032
40808,3,75,0,-81.2515,48.614,67.5,48.032
40908,4,75,37.5,-64.2848,13.2368,67.5,48.407
40908,8,75,75,-73.9131,27.6304,67.5,48.407
40908,7,37.5,75,-78.755,40.0898,67.5,48.407
40908,3,75,0,-81.3505,48.9846,67.5,48.407
41008,4,75,37.5,-64.5873,13.5474,67.5,48.782
41008,8,75,75,-73.7421,27.2697,67.5,48.782
41008,7,37.5,75,-78.6742,39.842,67.5,48.782
41008,3,75,0,-81.4488,49.3552,67.5,48.782
41108,4,75,37.5,-64.8861,13.8613,67.5,49.157
41108,8,75,75,-73.569,26.9093,67.5,49.157
41108,7,37.5,75,-78.5935,39.5962,67.5,49.157
41108,3,75,0,-81.5463,49.7258,67.5,49.157
41208,4,75,37.5,-65.1808,14.1781,67.5,49.532
41208,8,75,75,-73.3937,26.5494,67.5,49.532
41208,7,37.5,75,-78.5131,39.3525,67.5,49.532
41208,3,75,0,-81.6432,50.0966,67.5,49.532
41308,4,75,37.5,-65.4716,14.4977,67.5,49.907
41308,8,75,75,-73.2162,26.1899,67.5,49.907
41308,7,37.5,75,-78.4328,39.1109,67.5,49.907
41308,3,75,0,-81.7393,50.4674,67.5,49.907
41408,4,75,37.5,-65.7583,14.8199,67.5,50.282
41408,8,75,75,-73.0366,25.8308,67.5,50.282
41408,7,37.5,75,-78.3528,38.8713,67.5,50.282
41408,3,75,0,-81.8348,50.8383,67.5,50.282
41508,4,75,37.5,-66.041,15.1445,67.5,50.657
41508,8,75,75,-72.8546,25.4722,67.5,50.657
41508,7,37.5,75,-78.2729,38.634,67.5,50.657
41508,3,75,0,-81.9295,51.2092,67.5,50.657
41608,4,75,37.5,-66.3196,15.4714,67.5,51.032
41608,8,75,75,-72.6703,25.1141,67.5,51.032
41608,7,37.5,75,-78.1934,38.3988,67.5,51.032
41708,4,75,37.5,-66.5941,15.8005,67.5,51.407
41708,8,75,75,-72.4837,24.7564,67.5,51.407
41708,7,37.5,75,-78.1141,38.1658,67.5,51.407
41808,4,75,37.5,-66.8646,16.1315,67.5,51.782
41808,8,75,75,-72.2946,24.3993,67.5,51.782
41808,7,37.5,75,-78.035,37.9352,67.5,51.782
41908,4,75,37.5,-67.1311,16.4644,67.5,52.157
41908,8,75,75,-72.103,24.0427,67.5,52.157
41908,7,37.5,75,-77.9564,37.7068,67.5,52.157
42008,4,75,37.5,-67.3936,16.7991,67.5,52.532
42008,8,75,75,-71.9088,23.6867,67.5,52.532
42008,7,37.5,75,-77.878,37.4808,67.5,52.532
42108,4,75,37.5,-67.6522,17.1355,67.5,52.907
42108,8,75,75,-71.7121,23.3313,67.5,52.907
42108,7,37.5,75,-77.8,37.2572,67.5,52.907
42208,4,75,37.5,-67.907,17.4734,67.5,53.282
42208,8,75,75,-71.5127,22.9766,67.5,53.282
42208,7,37.5,75,-77.7224,37.0361,67.5,53.282
42308,4,75,37.5,-68.158,17.8129,67.5,53.657
42308,8,75,75,-71.3105,22.6224,67.5,53.657
42308,7,37.5,75,-77.6452,36.8174,67.5,53.657
42408,4,75,37.5,-68.4053,18.1537,67.5,54.032
42408,8,75,75,-71.1056,22.269,67.5,54.032
42408,7,37.5,75,-77.5685,36.6013,67.5,54.032
42508,4,75,37.5,-68.6488,18.4958,67.5,54.407
42508,8,75,75,-70.8978,21.9163,67.5,54.407
42508,7,37.5,75,-77.4922,36.3878,67.5,54.407
42608,4,75,37.5,-68.8888,18.8392,67.5,54.782
42608,8,75,75,-70.6871,21.5643,67.5,54.782
42608,7,37.5,75,-77.4164,36.1769,67.5,54.782
42708,4,75,37.5,-69.1253,19.1838,67.5,55.157
42708,8,75,75,-70.4735,21.2131,67.5,55.157
42708,7,37.5,75,-77.3412,35.9687,67.5,55.157
42808,4,75,37.5,-69.3583,19.5295,67.5,55.532
42808,8,75,75,-70.2568,20.8627,67.5,55.532
42808,7,37.5,75,-77.2665,35.7632,67.5,55.532
42908,4,75,37.5,-69.5878,19.8763,67.5,55.907
42908,8,75,75,-70.0369,20.5132,67.5,55.907
42908,7,37.5,75,-77.1924,35.5604,67.5,55.907
43008,4,75,37.5,-69.8141,20.2241,67.5,56.282
43008,8,75,75,-69.8139,20.1647,67.5,56.282
43008,7,37.5,75,-77.1189,35.3605,67.5,56.282
43108,8,75,75,-69.5876,19.8171,67.5,56.657
43108,4,75,37.5,-70.0371,20.5728,67.5,56.657
43108,7,37.5,75,-77.046,35.1634,67.5,56.657
43208,8,75,75,-69.358,19.4705,67.5,57.032
43208,4,75,37.5,-70.257,20.9224,67.5,57.032
43208,7,37.5,75,-76.9738,34.9693,67.5,57.032
43308,8,75,75,-69.125,19.125,67.5,57.407
43308,4,75,37.5,-70.4737,21.2729,67.5,57.407
43308,7,37.5,75,-76.9023,34.7781,67.5,57.407
43408,8,75,75,-68.8886,18.7806,67.5,57.782
43408,4,75,37.5,-70.6874,21.6243,67.5,57.782
43408,7,37.5,75,-76.8315,34.5899,67.5,57.782
43508,8,75,75,-68.6486,18.4374,67.5,58.157
43508,4,75,37.5,-70.8981,21.9764,67.5,58.157
43508,7,37.5,75,-76.7616,34.4048,67.5,58.157
43608,8,75,75,-68.405,18.0955,67.5,58.532
43608,4,75,37.5,-71.1058,22.3292,67.5,58.532
43608,7,37.5,75,-76.6924,34.2227,67.5,58.532
43708,8,75,75,-68.1578,17.7549,67.5,58.907
43708,4,75,37.5,-71.3107,22.6828,67.5,58.907
43708,7,37.5,75,-76.624,34.0439,67.5,58.907
43808,8,75,75,-67.9068,17.4157,67.5,59.282
43808,4,75,37.5,-71.5129,23.037,67.5,59.282
43808,7,37.5,75,-76.5565,33.8682,67.5,59.282
43908,8,75,75,-67.652,17.078,67.5,59.657
43908,4,75,37.5,-71.7123,23.3919,67.5,59.657
43908,7,37.5,75,-76.49,33.6958,67.5,59.657
44008,8,75,75,-67.3934,16.7419,67.5,60.032
44008,4,75,37.5,-71.909,23.7474,67.5,60.032
44008,7,37.5,75,-76.4244,33.5267,67.5,60.032
44108,8,75,75,-67.1308,16.4075,67.5,60.407
44108,4,75,37.5,-72.1032,24.1035,67.5,60.407
44108,7,37.5,75,-76.3597,33.361,67.5,60.407
44208,8,75,75,-66.8643,16.0749,67.5,60.782
44208,4,75,37.5,-72.2948,24.4602,67.5,60.782
44208,7,37.5,75,-76.2961,33.1987,67.5,60.782
44308,8,75,75,-66.5938,15.7442,67.5,61.157
44308,4,75,37.5,-72.4839,24.8174,67.5,61.157
44308,7,37.5,75,-76.2335,33.0398,67.5,61.157
44408,8,75,75,-66.3193,15.4155,67.5,61.532
44408,4,75,37.5,-72.6705,25.1751,67.5,61.532
44408,7,37.5,75,-76.172,32.8845,67.5,61.532
44508,8,75,75,-66.0407,15.089,67.5,61.907
44508,4,75,37.5,-72.8548,25.5333,67.5,61.907
44508,7,37.5,75,-76.1116,32.7327,67.5,61.907
44608,8,75,75,-65.758,14.7647,67.5,62.282
44608,4,75,37.5,-73.0368,25.892,67.5,62.282
44608,7,37.5,75,-76.0524,32.5845,67.5,62.282
44708,8,75,75,-65.4713,14.443,67.5,62.657
44708,4,75,37.5,-73.2164,26.2512,67.5,62.657
44708,7,37.5,75,-75.9944,32.4399,67.5,62.657
44808,8,75,75,-65.1805,14.1239,67.5,63.032
44808,4,75,37.5,-73.3939,26.6108,67.5,63.032
44808,7,37.5,75,-75.9376,32.2991,67.5,63.032
44908,8,75,75,-64.8858,13.8075,67.5,63.407
44908,4,75,37.5,-73.5691,26.9708,67.5,63.407
44908,7,37.5,75,-75.8821,32.1621,67.5,63.407
45008,8,75,75,-64.587,13.4942,67.5,63.782
45008,4,75,37.5,-73.7423,27.3312,67.5,63.782
45008,7,37.5,75,-75.8279,32.0288,67.5,63.782
45108,8,75,75,-64.2845,13.1841,67.5,64.157
45108,4,75,37.5,-73.9133,27.692,67.5,64.157
45108,7,37.5,75,-75.775,31.8994,67.5,64.157
45208,8,75,75,-63.9782,12.8775,67.5,64.532
45208,4,75,37.5,-74.0823,28.0531,67.5,64.532
45208,7,37.5,75,-75.7235,31.7739,67.5,64.532
45308,8,75,75,-63.6683,12.5745,67.5,64.907
45308,4,75,37.5,-74.2493,28.4147,67.5,64.907
45308,7,37.5,75,-75.6734,31.6523,67.5,64.907
45408,8,75,75,-63.3551,12.2756,67.5,65.282
45408,4,75,37.5,-74.4143,28.7765,67.5,65.282
45408,7,37.5,75,-75.6248,31.5347,67.5,65.282
45508,8,75,75,-63.0387,11.9809,67.5,65.657
45508,4,75,37.5,-74.5775,29.1387,67.5,65.657
45508,7,37.5,75,-75.5777,31.4212,67.5,65.657
45608,8,75,75,-62.7196,11.6908,67.5,66.032
45608,4,75,37.5,-74.7387,29.5013,67.5,66.032
45608,7,37.5,75,-75.5321,31.3117,67.5,66.032
45708,8,75,75,-62.3981,11.4057,67.5,66.407
45708,4,75,37.5,-74.8981,29.8641,67.5,66.407
45708,7,37.5,75,-75.4881,31.2064,67.5,66.407
45808,8,75,75,-62.0747,11.1259,67.5,66.782
45808,4,75,37.5,-75.0558,30.2272,67.5,66.782
45808,7,37.5,75,-75.4456,31.1052,67.5,66.782
45908,8,75,75,-61.7498,10.8519,67.5,67.157
45908,4,75,37.5,-75.2116,30.5906,67.5,67.157
45908,7,37.5,75,-75.4048,31.0083,67.5,67.157
46008,8,75,75,-61.4244,10.6066,67.5,67.5
46008,4,75,37.5,-75.3657,30.9233,67.5,67.5
46008,7,37.5,75,-75.3657,30.9233,67.5,67.5
46108,8,75,75,-61.4244,10.6066,67.5,67.5
46108,4,75,37.5,-75.3657,30.9233,67.5,67.5
46108,7,37.5,75,-75.3657,30.9233,67.5,67.5
46208,8,75,75,-61.4244,10.6066,67.5,67.5
46208,4,75,37.5,-75.3657,30.9233,67.5,67.5
46208,7,37.5,75,-75.3657,30.9233,67.5,67.5
46308,8,75,75,-61.4244,10.6066,67.5,67.5
46308,4,75,37.5,-75.3657,30.9233,67.5,67.5
46308,7,37.5,75,-75.3657,30.9233,67.5,67.5
46408,8,75,75,-61.4244,10.6066,67.5,67.5
46408,4,75,37.5,-75.3657,30.9233,67.5,67.5
46408,7,37.5,75,-75.3657,30.9233,67.5,67.5
46508,8,75,75,-61.4244,10.6066,67.5,67.5
46508,4,75,37.5,-75.3657,30.9233,67.5,67.5
46508,7,37.5,75,-75.3657,30.9233,67.5,67.5
46608,8,75,75,-61.4244,10.6066,67.5,67.5
46608,4,75,37.5,-75.3657,30.9233,67.5,67.5
46608,7,37.5,75,-75.3657,30.9233,67.5,67.5
46708,8,75,75,-61.4244,10.6066,67.5,67.5
46708,4,75,37.5,-75.3657,30.9233,67.5,67.5
46708,7,37.5,75,-75.3657,30.9233,67.5,67.5
46808,8,75,75,-61.4244,10.6066,67.5,67.5
46808,4,75,37.5,-75.3657,30.9233,67.5,67.5
46808,7,37.5,75,-75.3657,30.9233,67.5,67.5
46908,8,75,75,-61.4244,10.6066,67.5,67.5
46908,4,75,37.5,-75.3657,30.9233,67.5,67.5
46908,7,37.5,75,-75.3657,30.9233,67.5,67.5
47008,8,75,75,-61.4244,10.6066,67.5,67.5
47008,4,75,37.5,-75.3657,30.9233,67.5,67.5
47008,7,37.5,75,-75.3657,30.9233,67.5,67.5
47108,8,75,75,-61.4244,10.6066,67.5,67.5
47108,4,75,37.5,-75.3657,30.9233,67.5,67.5
47108,7,37.5,75,-75.3657,30.9233,67.5,67.5
47208,8,75,75,-61.4244,10.6066,67.5,67.5
47208,4,75,37.5,-75.3657,30.9233,67.5,67.5
47208,7,37.5,75,-75.3657,30.9233,67.5,67.5
47308,8,75,75,-61.4244,10.6066,67.5,67.5
47308,4,75,37.5,-75.3657,30.9233,67.5,67.5
47308,7,37.5,75,-75.3657,30.9233,67.5,67.5
47408,8,75,75,-61.4244,10.6066,67.5,67.5
47408,4,75,37.5,-75.3657,30.9233,67.5,67.5
47408,7,37.5,75,-75.3657,30.9233,67.5,67.5
47508,8,75,75,-61.4244,10.6066,67.5,67.5
47508,4,75,37.5,-75.3657,30.9233,67.5,67.5
47508,7,37.5,75,-75.3657,30.9233,67.5,67.5
47608,8,75,75,-61.4244,10.6066,67.5,67.5
47608,4,75,37.5,-75.3657,30.9233,67.5,67.5
47608,7,37.5,75,-75.3657,30.9233,67.5,67.5
47708,8,75,75,-61.4244,10.6066,67.5,67.5
47708,4,75,37.5,-75.3657,30.9233,67.5,67.5
47708,7,37.5,75,-75.3657,30.9233,67.5,67.5
47808,8,75,75,-61.4244,10.6066,67.5,67.5
47808,4,75,37.5,-75.3657,30.9233,67.5,67.5
47808,7,37.5,75,-75.3657,30.9233,67.5,67.5
47908,8,75,75,-61.4244,10.6066,67.5,67.5
47908,4,75,37.5,-75.3657,30.9233,67.5,67.5
47908,7,37.5,75,-75.3657,30.9233,67.5,67.5
48008,8,75,75,-61.4244,10.6066,67.5,67.5
48008,4,75,37.5,-75.3657,30.9233,67.5,67.5
48008,7,37.5,75,-75.3657,30.9233,67.5,67.5
48108,8,75,75,-61.4244,10.6066,67.5,67.5
48108,4,75,37.5,-75.3657,30.9233,67.5,67.5
48108,7,37.5,75,-75.3657,30.9233,67.5,67.5
48208,8,75,75,-61.4244,10.6066,67.5,67.5
48208,4,75,37.5,-75.3657,30.9233,67.5,67.5
48208,7,37.5,75,-75.3657,30.9233,67.5,67.5
48308,8,75,75,-61.4244,10.6066,67.5,67.5
48308,4,75,37.5,-75.3657,30.9233,67.5,67.5
48308,7,37.5,75,-75.3657,30.9233,67.5,67.5
48408,8,75,75,-61.4244,10.6066,67.5,67.5
48408,4,75,37.5,-75.3657,30.9233,67.5,67.5
48408,7,37.5,75,-75.3657,30.9233,67.5,67.5
48508,8,75,75,-61.4244,10.6066,67.5,67.5
48508,4,75,37.5,-75.3657,30.9233,67.5,67.5
48508,7,37.5,75,-75.3657,30.9233,67.5,67.5
48608,8,75,75,-61.4244,10.6066,67.5,67.5
48608,4,75,37.5,-75.3657,30.9233,67.5,67.5
48608,7,37.5,75,-75.3657,30.9233,67.5,67.5
48708,8,75,75,-61.4244,10.6066,67.5,67.5
48708,4,75,37.5,-75.3657,30.9233,67.5,67.5
48708,7,37.5,75,-75.3657,30.9233,67.5,67.5
48808,8,75,75,-61.4244,10.6066,67.5,67.5
48808,4,75,37.5,-75.3657,30.9233,67.5,67.5
48808,7,37.5,75,-75.3657,30.9233,67.5,67.5
48908,8,75,75,-61.4244,10.6066,67.5,67.5
48908,4,75,37.5,-75.3657,30.9233,67.5,67.5
48908,7,37.5,75,-75.3657,30.9233,67.5,67.5
49008,8,75,75,-61.4244,10.6066,67.5,67.5
49008,4,75,37.5,-75.3657,30.9233,67.5,67.5
49008,7,37.5,75,-75.3657,30.9233,67.5,67.5
49108,8,75,75,-61.4244,10.6066,67.5,67.5
49108,4,75,37.5,-75.3657,30.9233,67.5,67.5
49108,7,37.5,75,-75.3657,30.9233,67.5,67.5
49208,8,75,75,-61.4244,10.6066,67.5,67.5
49208,4,75,37.5,-75.3657,30.9233,67.5,67.5
49208,7,37.5,75,-75.3657,30.9233,67.5,67.5
49308,8,75,75,-61.4244,10.6066,67.5,67.5
49308,4,75,37.5,-75.3657,30.9233,67.5,67.5
49308,7,37.5,75,-75.3657,30.9233,67.5,67.5
49408,8,75,75,-61.4244,10.6066,67.5,67.5
49408,4,75,37.5,-75.3657,30.9233,67.5,67.5
49408,7,37.5,75,-75.3657,30.9233,67.5,67.5
49508,8,75,75,-61.4244,10.6066,67.5,67.5
49508,4,75,37.5,-75.3657,30.9233,67.5,67.5
49508,7,37.5,75,-75.3657,30.9233,67.5,67.5
49608,8,75,75,-61.4244,10.6066,67.5,67.5
49608,4,75,37.5,-75.3657,30.9233,67.5,67.5
49608,7,37.5,75,-75.3657,30.9233,67.5,67.5
49708,8,75,75,-61.4244,10.6066,67.5,67.5
49708,4,75,37.5,-75.3657,30.9233,67.5,67.5
49708,7,37.5,75,-75.3657,30.9233,67.5,67.5
49808,8,75,75,-61.4244,10.6066,67.5,67.5
49808,4,75,37.5,-75.3657,30.9233,67.5,67.5
49808,7,37.5,75,-75.3657,30.9233,67.5,67.5
49908,8,75,75,-61.4244,10.6066,67.5,67.5
49908,4,75,37.5,-75.3657,30.9233,67.5,67.5
49908,7,37.5,75,-75.3657,30.9233,67.5,67.5
50008,8,75,75,-61.4246,10.6292,67.468,67.5
50008,4,75,37.5,-75.3657,30.9311,67.468,67.5
50008,7,37.5,75,-75.3656,30.8923,67.468,67.5
50108,8,75,75,-61.7501,10.8982,67.093,67.5
50108,7,37.5,75,-75.2115,30.5286,67.093,67.5
50108,4,75,37.5,-75.4049,31.0245,67.093,67.5
50208,8,75,75,-62.075,11.1732,66.718,67.5
50208,7,37.5,75,-75.0556,30.1652,66.718,67.5
50208,4,75,37.5,-75.4457,31.1222,66.718,67.5
50308,8,75,75,-62.3984,11.454,66.343,67.5
50308,7,37.5,75,-74.898,29.8022,66.343,67.5
50308,4,75,37.5,-75.4881,31.2241,66.343,67.5
50408,8,75,75,-62.7199,11.74,65.968,67.5
50408,7,37.5,75,-74.7386,29.4394,65.968,67.5
50408,4,75,37.5,-75.5322,31.3301,65.968,67.5
50508,8,75,75,-63.0391,12.0309,65.593,67.5
50508,7,37.5,75,-74.5773,29.0769,65.593,67.5
50508,4,75,37.5,-75.5778,31.4403,65.593,67.5
50608,8,75,75,-63.3554,12.3263,65.218,67.5
50608,7,37.5,75,-74.4142,28.7148,65.218,67.5
50608,4,75,37.5,-75.6249,31.5545,65.218,67.5
50708,8,75,75,-63.6686,12.6259,64.843,67.5
50708,7,37.5,75,-74.2491,28.353,64.843,67.5
50708,4,75,37.5,-75.6735,31.6728,64.843,67.5
50808,8,75,75,-63.9785,12.9295,64.468,67.5
50808,7,37.5,75,-74.0821,27.9915,64.468,67.5
50808,4,75,37.5,-75.7236,31.795,64.468,67.5
50908,8,75,75,-64.2848,13.2368,64.093,67.5
50908,7,37.5,75,-73.9131,27.6304,64.093,67.5
50908,4,75,37.5,-75.775,31.9212,64.093,67.5
51008,8,75,75,-64.5873,13.5474,63.718,67.5
51008,7,37.5,75,-73.7421,27.2697,63.718,67.5
51008,4,75,37.5,-75.8279,32.0513,63.718,67.5
51108,8,75,75,-64.8861,13.8613,63.343,67.5
51108,7,37.5,75,-73.569,26.9093,63.343,67.5
51108,4,75,37.5,-75.8821,32.1852,63.343,67.5
51208,8,75,75,-65.1808,14.1781,62.968,67.5
51208,7,37.5,75,-73.3937,26.5494,62.968,67.5
51208,4,75,37.5,-75.9376,32.3229,62.968,67.5
51308,8,75,75,-65.4716,14.4977,62.593,67.5
51308,7,37.5,75,-73.2162,26.1899,62.593,67.5
51308,4,75,37.5,-75.9944,32.4643,62.593,67.5
51408,8,75,75,-65.7583,14.8199,62.218,67.5
51408,7,37.5,75,-73.0366,25.8308,62.218,67.5
51408,4,75,37.5,-76.0524,32.6095,62.218,67.5
51508,8,75,75,-66.041,15.1445,61.843,67.5
51508,7,37.5,75,-72.8546,25.4722,61.843,67.5
51508,4,75,37.5,-76.1117,32.7583,61.843,67.5
51608,8,75,75,-66.3196,15.4714,61.468,67.5
51608,7,37.5,75,-72.6703,25.1141,61.468,67.5
51608,4,75,37.5,-76.172,32.9107,61.468,67.5
51708,8,75,75,-66.5941,15.8005,61.093,67.5
51708,7,37.5,75,-72.4837,24.7564,61.093,67.5
51708,4,75,37.5,-76.2335,33.0667,61.093,67.5
51808,8,75,75,-66.8646,16.1315,60.718,67.5
51808,7,37.5,75,-72.2946,24.3993,60.718,67.5
51808,4,75,37.5,-76.2961,33.2261,60.718,67.5
51908,8,75,75,-67.1311,16.4644,60.343,67.5
51908,7,37.5,75,-72.103,24.0427,60.343,67.5
51908,4,75,37.5,-76.3598,33.389,60.343,67.5
52008,8,75,75,-67.3936,16.7991,59.968,67.5
52008,7,37.5,75,-71.9088,23.6867,59.968,67.5
52008,4,75,37.5,-76.4244,33.5553,59.968,67.5
52108,8,75,75,-67.6522,17.1355,59.593,67.5
52108,7,37.5,75,-71.7121,23.3313,59.593,67.5
52108,4,75,37.5,-76.49,33.725,59.593,67.5
52208,8,75,75,-67.907,17.4734,59.218,67.5
52208,7,37.5,75,-71.5127,22.9766,59.218,67.5
52208,4,75,37.5,-76.5566,33.898,59.218,67.5
52308,8,75,75,-68.158,17.8129,58.843,67.5
52308,7,37.5,75,-71.3105,22.6224,58.843,67.5
52308,4,75,37.5,-76.6241,34.0742,58.843,67.5
52408,8,75,75,-68.4053,18.1537,58.468,67.5
52408,7,37.5,75,-71.1056,22.269,58.468,67.5
52408,4,75,37.5,-76.6924,34.2536,58.468,67.5
52508,8,75,75,-68.6488,18.4958,58.093,67.5
52508,7,37.5,75,-70.8978,21.9163,58.093,67.5
52508,4,75,37.5,-76.7616,34.4361,58.093,67.5
52608,8,75,75,-68.8888,18.8392,57.718,67.5
52608,7,37.5,75,-70.6871,21.5643,57.718,67.5
52608,4,75,37.5,-76.8316,34.6218,57.718,67.5
52708,8,75,75,-69.1253,19.1838,57.343,67.5
52708,7,37.5,75,-70.4735,21.2131,57.343,67.5
52708,4,75,37.5,-76.9024,34.8105,57.343,67.5
52808,8,75,75,-69.3583,19.5295,56.968,67.5
52808,7,37.5,75,-70.2568,20.8627,56.968,67.5
52808,4,75,37.5,-76.9739,35.0022,56.968,67.5
52908,8,75,75,-69.5878,19.8763,56.593,67.5
52908,7,37.5,75,-70.0369,20.5132,56.593,67.5
52908,4,75,37.5,-77.0461,35.1968,56.593,67.5
53008,7,37.5,75,-69.8139,20.1647,56.218,67.5
53008,8,75,75,-69.8141,20.2241,56.218,67.5
53008,4,75,37.5,-77.1189,35.3944,56.218,67.5
53108,7,37.5,75,-69.5876,19.8171,55.843,67.5
53108,8,75,75,-70.0371,20.5728,55.843,67.5
53108,4,75,37.5,-77.1924,35.5948,55.843,67.5
53208,7,37.5,75,-69.358,19.4705,55.468,67.5
53208,8,75,75,-70.257,20.9224,55.468,67.5
53208,4,75,37.5,-77.2666,35.798,55.468,67.5
53308,7,37.5,75,-69.125,19.125,55.093,67.5
53308,8,75,75,-70.4737,21.2729,55.093,67.5
53308,4,75,37.5,-77.3413,36.004,55.093,67.5
53408,7,37.5,75,-68.8886,18.7806,54.718,67.5
53408,8,75,75,-70.6874,21.6243,54.718,67.5
53408,4,75,37.5,-77.4165,36.2127,54.718,67.5
53508,7,37.5,75,-68.6486,18.4374,54.343,67.5
53508,8,75,75,-70.8981,21.9764,54.343,67.5
53508,4,75,37.5,-77.4923,36.424,54.343,67.5
53608,7,37.5,75,-68.405,18.0955,53.968,67.5
53608,8,75,75,-71.1058,22.3292,53.968,67.5
53608,4,75,37.5,-77.5686,36.638,53.968,67.5
53708,7,37.5,75,-68.1578,17.7549,53.593,67.5
53708,8,75,75,-71.3107,22.6828,53.593,67.5
53708,4,75,37.5,-77.6453,36.8546,53.593,67.5
53808,7,37.5,75,-67.9068,17.4157,53.218,67.5
53808,8,75,75,-71.5129,23.037,53.218,67.5
53808,4,75,37.5,-77.7225,37.0736,53.218,67.5
53908,7,37.5,75,-67.652,17.078,52.843,67.5
53908,8,75,75,-71.7123,23.3919,52.843,67.5
53908,4,75,37.5,-77.8001,37.2952,52.843,67.5
54008,7,37.5,75,-67.3934,16.7419,52.468,67.5
54008,8,75,75,-71.909,23.7474,52.468,67.5
54008,4,75,37.5,-77.8781,37.5192,52.468,67.5
54108,7,37.5,75,-67.1308,16.4075,52.093,67.5
54108,8,75,75,-72.1032,24.1035,52.093,67.5
54108,4,75,37.5,-77.9564,37.7456,52.093,67.5
54208,7,37.5,75,-66.8643,16.0749,51.718,67.5
54208,8,75,75,-72.2948,24.4602,51.718,67.5
54208,4,75,37.5,-78.0351,37.9743,51.718,67.5
54308,7,37.5,75,-66.5938,15.7442,51.343,67.5
54308,8,75,75,-72.4839,24.8174,51.343,67.5
54308,4,75,37.5,-78.1141,38.2054,51.343,67.5
54408,7,37.5,75,-66.3193,15.4155,50.968,67.5
54408,8,75,75,-72.6705,25.1751,50.968,67.5
54408,4,75,37.5,-78.1934,38.4387,50.968,67.5
54508,7,37.5,75,-66.0407,15.089,50.593,67.5
54508,8,75,75,-72.8548,25.5333,50.593,67.5
54508,4,75,37.5,-78.273,38.6743,50.593,67.5
54508,6,0,75,-81.9294,51.1459,50.593,67.5
54608,7,37.5,75,-65.758,14.7647,50.218,67.5
54608,8,75,75,-73.0368,25.892,50.218,67.5
54608,4,75,37.5,-78.3528,38.912,50.218,67.5
54608,6,0,75,-81.8347,50.775,50.218,67.5
54708,7,37.5,75,-65.4713,14.443,49.843,67.5
54708,8,75,75,-73.2164,26.2512,49.843,67.5
54708,4,75,37.5,-78.4329,39.1519,49.843,67.5
54708,6,0,75,-81.7392,50.4041,49.843,67.5
54808,7,37.5,75,-65.1805,14.1239,49.468,67.5
54808,8,75,75,-73.3939,26.6108,49.468,67.5
54808,4,75,37.5,-78.5132,39.3939,49.468,67.5
54808,6,0,75,-81.6431,50.0333,49.468,67.5
54908,7,37.5,75,-64.8858,13.8075,49.093,67.5
54908,8,75,75,-73.5691,26.9708,49.093,67.5
54908,4,75,37.5,-78.5936,39.638,49.093,67.5
54908,6,0,75,-81.5462,49.6626,49.093,67.5
55008,7,37.5,75,-64.587,13.4942,48.718,67.5
55008,8,75,75,-73.7423,27.3312,48.718,67.5
55008,4,75,37.5,-78.6743,39.8841,48.718,67.5
55008,6,0,75,-81.4487,49.2919,48.718,67.5
55108,7,37.5,75,-64.2845,13.1841,48.343,67.5
55108,8,75,75,-73.9133,27.692,48.343,67.5
55108,4,75,37.5,-78.755,40.1322,48.343,67.5
55108,6,0,75,-81.3504,48.9213,48.343,67.5
55208,7,37.5,75,-63.9782,12.8775,47.968,67.5
55208,8,75,75,-74.0823,28.0531,47.968,67.5
55208,4,75,37.5,-78.836,40.3823,47.968,67.5
55208,6,0,75,-81.2514,48.5508,47.968,67.5
55308,7,37.5,75,-63.6683,12.5745,47.593,67.5
55308,8,75,75,-74.2493,28.4147,47.593,67.5
55308,4,75,37.5,-78.917,40.6343,47.593,67.5
55308,6,0,75,-81.1517,48.1803,47.593,67.5
55408,7,37.5,75,-63.3551,12.2756,47.218,67.5
55408,8,75,75,-74.4143,28.7765,47.218,67.5
55408,4,75,37.5,-78.9981,40.8881,47.218,67.5
55408,6,0,75,-81.0512,47.8099,47.218,67.5
55508,7,37.5,75,-63.0387,11.9809,46.843,67.5
55508,8,75,75,-74.5775,29.1387,46.843,67.5
55508,4,75,37.5,-79.0794,41.1438,46.843,67.5
55508,6,0,75,-80.95,47.4396,46.843,67.5
55608,7,37.5,75,-62.7196,11.6908,46.468,67.5
55608,8,75,75,-74.7387,29.5013,46.468,67.5
55608,4,75,37.5,-79.1606,41.4014,46.468,67.5
55608,6,0,75,-80.8479,47.0694,46.468,67.5
55708,7,37.5,75,-62.3981,11.4057,46.093,67.5
55708,8,75,75,-74.8981,29.8641,46.093,67.5
55708,4,75,37.5,-79.242,41.6607,46.093,67.5
55708,6,0,75,-80.7451,46.6992,46.093,67.5
55808,7,37.5,75,-62.0747,11.1259,45.718,67.5
55808,8,75,75,-75.0558,30.2272,45.718,67.5
55808,4,75,37.5,-79.3234,41.9218,45.718,67.5
55808,6,0,75,-80.6415,46.3291,45.718,67.5
55908,7,37.5,75,-61.7498,10.8519,45.343,67.5
55908,8,75,75,-75.2116,30.5906,45.343,67.5
55908,4,75,37.5,-79.4048,42.1846,45.343,67.5
55908,6,0,75,-80.5371,45.9591,45.343,67.5
56008,7,37.5,75,-61.4242,10.584,44.968,67.5
56008,8,75,75,-75.3657,30.9543,44.968,67.5
56008,4,75,37.5,-79.4862,42.449,44.968,67.5
56008,6,0,75,-80.4319,45.5892,44.968,67.5
56108,7,37.5,75,-61.0986,10.3228,44.593,67.5
56108,8,75,75,-75.5182,31.3183,44.593,67.5
56108,4,75,37.5,-79.5677,42.7152,44.593,67.5
56108,6,0,75,-80.3259,45.2193,44.593,67.5
56208,7,37.5,75,-60.774,10.0688,44.218,67.5
56208,8,75,75,-75.669,31.6825,44.218,67.5
56208,4,75,37.5,-79.6491,42.9829,44.218,67.5
56208,6,0,75,-80.2189,44.8496,44.218,67.5
56308,7,37.5,75,-60.4512,9.82262,43.843,67.5
56308,8,75,75,-75.8181,32.047,43.843,67.5
56308,4,75,37.5,-79.7305,43.2523,43.843,67.5
56308,6,0,75,-80.1112,44.4799,43.843,67.5
56408,7,37.5,75,-60.1314,9.58474,43.468,67.5
56408,8,75,75,-75.9657,32.4117,43.468,67.5
56408,4,75,37.5,-79.8118,43.5232,43.468,67.5
56408,6,0,75,-80.0026,44.1103,43.468,67.5
56508,7,37.5,75,-59.8161,9.35584,43.093,67.5
56508,8,75,75,-76.1117,32.7766,43.093,67.5
56508,4,75,37.5,-79.8931,43.7956,43.093,67.5
56508,6,0,75,-79.893,43.7408,43.093,67.5
56608,7,37.5,75,-59.5066,9.13661,42.718,67.5
56608,8,75,75,-76.2562,33.1418,42.718,67.5
56608,6,0,75,-79.7826,43.3714,42.718,67.5
56608,4,75,37.5,-79.9744,44.0696,42.718,67.5
56708,7,37.5,75,-59.2046,8.92775,42.343,67.5
56708,8,75,75,-76.3992,33.5071,42.343,67.5
56708,6,0,75,-79.6713,43.0021,42.343,67.5
56708,4,75,37.5,-80.0556,44.345,42.343,67.5
56808,7,37.5,75,-58.9119,8.73001,41.968,67.5
56808,8,75,75,-76.5407,33.8727,41.968,67.5
56808,6,0,75,-79.559,42.6329,41.968,67.5
56808,4,75,37.5,-80.1367,44.6219,41.968,67.5
56908,7,37.5,75,-58.6305,8.54416,41.593,67.5
56908,8,75,75,-76.6807,34.2385,41.593,67.5
56908,6,0,75,-79.4458,42.2638,41.593,67.5
56908,4,75,37.5,-80.2177,44.9002,41.593,67.5
56908,5,0,37.5,-81.9629,51.2833,41.593,67.5
57008,7,37.5,75,-58.3625,8.371,41.218,67.5
57008,8,75,75,-76.8194,34.6045,41.218,67.5
57008,6,0,75,-79.3316,41.8948,41.218,67.5
57008,4,75,37.5,-80.2986,45.1799,41.218,67.5
57008,5,0,37.5,-81.8856,50.9796,41.218,67.5
57108,7,37.5,75,-58.1101,8.21132,40.843,67.5
57108,8,75,75,-76.9567,34.9707,40.843,67.5
57108,6,0,75,-79.2165,41.5259,40.843,67.5
57108,4,75,37.5,-80.3794,45.461,40.843,67.5
57108,5,0,37.5,-81.808,50.6769,40.843,67.5
57208,7,37.5,75,-57.8757,8.06592,40.468,67.5
57208,8,75,75,-77.0926,35.3371,40.468,67.5
57208,6,0,75,-79.1003,41.1571,40.468,67.5
57208,4,75,37.5,-80.4601,45.7434,40.468,67.5
57208,5,0,37.5,-81.7302,50.3752,40.468,67.5
57308,7,37.5,75,-57.6616,7.9356,40.093,67.5
57308,8,75,75,-77.2271,35.7036,40.093,67.5
57308,6,0,75,-78.9832,40.7885,40.093,67.5
57308,4,75,37.5,-80.5407,46.0271,40.093,67.5
57308,5,0,37.5,-81.6522,50.0744,40.093,67.5
57408,7,37.5,75,-57.4702,7.8211,39.718,67.5
57408,8,75,75,-77.3604,36.0703,39.718,67.5
57408,6,0,75,-78.865,40.4199,39.718,67.5
57408,4,75,37.5,-80.6211,46.3122,39.718,67.5
57408,5,0,37.5,-81.574,49.7747,39.718,67.5
57508,7,37.5,75,-57.3038,7.72313,39.343,67.5
57508,8,75,75,-77.4923,36.4372,39.343,67.5
57508,6,0,75,-78.7458,40.0515,39.343,67.5
57508,4,75,37.5,-80.7015,46.5985,39.343,67.5
57508,5,0,37.5,-81.4956,49.476,39.343,67.5
57608,7,37.5,75,-57.1644,7.64232,38.968,67.5
57608,8,75,75,-77.623,36.8043,38.968,67.5
57608,6,0,75,-78.6255,39.6832,38.968,67.5
57608,4,75,37.5,-80.7816,46.8861,38.968,67.5
57608,5,0,37.5,-81.417,49.1783,38.968,67.5
57708,7,37.5,75,-57.0538,7.57923,38.593,67.5
57708,8,75,75,-77.7525,37.1715,38.593,67.5
57708,6,0,75,-78.5042,39.315,38.593,67.5
57708,4,75,37.5,-80.8616,47.1749,38.593,67.5
57708,5,0,37.5,-81.3382,48.8817,38.593,67.5
57808,7,37.5,75,-56.9737,7.53429,38.218,67.5
57808,8,75,75,-77.8807,37.5388,38.218,67.5
57808,6,0,75,-78.3817,38.947,38.218,67.5
57808,4,75,37.5,-80.9415,47.4649,38.218,67.5
57808,5,0,37.5,-81.2592,48.5862,38.218,67.5
57908,7,37.5,75,-56.9252,7.50784,37.843,67.5
57908,8,75,75,-78.0077,37.9064,37.843,67.5
57908,6,0,75,-78.2582,38.5791,37.843,67.5
57908,4,75,37.5,-81.0212,47.7561,37.843,67.5
57908,5,0,37.5,-81.18,48.2918,37.843,67.5
58008,7,37.5,75,-56.9089,7.50007,37.468,67.5
58008,6,0,75,-78.1335,38.2113,37.468,67.5
58008,8,75,75,-78.1336,38.274,37.468,67.5
58008,4,75,37.5,-81.1007,48.0484,37.468,67.5
58008,5,0,37.5,-81.1007,47.9985,37.468,67.5
58108,7,37.5,75,-56.9252,7.51103,37.093,67.5
58108,6,0,75,-78.0076,37.8436,37.093,67.5
58108,8,75,75,-78.2583,38.6418,37.093,67.5
58108,5,0,37.5,-81.0211,47.7063,37.093,67.5
58108,4,75,37.5,-81.1801,48.3419,37.093,67.5
58208,7,37.5,75,-56.9738,7.54066,36.718,67.5
58208,6,0,75,-77.8806,37.4762,36.718,67.5
58208,8,75,75,-78.3819,39.0098,36.718,67.5
58208,5,0,37.5,-80.9414,47.4153,36.718,67.5
58208,4,75,37.5,-81.2593,48.6365,36.718,67.5
58308,7,37.5,75,-57.0539,7.58872,36.343,67.5
58308,6,0,75,-77.7523,37.1088,36.343,67.5
58308,8,75,75,-78.5043,39.3778,36.343,67.5
58308,5,0,37.5,-80.8616,47.1255,36.343,67.5
58308,4,75,37.5,-81.3383,48.9322,36.343,67.5
58408,7,37.5,75,-57.1645,7.65487,35.968,67.5
58408,6,0,75,-77.6229,36.7416,35.968,67.5
58408,8,75,75,-78.6257,39.746,35.968,67.5
58408,5,0,37.5,-80.7815,46.8369,35.968,67.5
58408,4,75,37.5,-81.4171,49.229,35.968,67.5
58508,7,37.5,75,-57.3039,7.73864,35.593,67.5
58508,6,0,75,-77.4922,36.3746,35.593,67.5
58508,8,75,75,-78.7459,40.1143,35.593,67.5
58508,5,0,37.5,-80.7014,46.5496,35.593,67.5
58508,4,75,37.5,-81.4957,49.5269,35.593,67.5
58608,7,37.5,75,-57.4704,7.83948,35.218,67.5
58608,6,0,75,-77.3602,36.0078,35.218,67.5
58608,8,75,75,-78.8652,40.4828,35.218,67.5
58608,5,0,37.5,-80.6211,46.2635,35.218,67.5
58608,4,75,37.5,-81.5741,49.8258,35.218,67.5
58708,7,37.5,75,-57.6618,7.95673,34.843,67.5
58708,6,0,75,-77.227,35.6411,34.843,67.5
58708,8,75,75,-78.9833,40.8514,34.843,67.5
58708,5,0,37.5,-80.5406,45.9786,34.843,67.5
58708,4,75,37.5,-81.6523,50.1257,34.843,67.5
58808,7,37.5,75,-57.8759,8.08968,34.468,67.5
58808,6,0,75,-77.0924,35.2745,34.468,67.5
58808,8,75,75,-79.1005,41.22,34.468,67.5
58808,5,0,37.5,-80.46,45.6951,34.468,67.5
58808,4,75,37.5,-81.7303,50.4266,34.468,67.5
58908,7,37.5,75,-58.1103,8.23757,34.093,67.5
58908,6,0,75,-76.9565,34.9082,34.093,67.5
58908,8,75,75,-79.2166,41.5888,34.093,67.5
58908,5,0,37.5,-80.3793,45.4129,34.093,67.5
58908,4,75,37.5,-81.8081,50.7285,34.093,67.5
59008,7,37.5,75,-58.3627,8.39961,33.718,67.5
59008,6,0,75,-76.8193,34.5421,33.718,67.5
59008,8,75,75,-79.3317,41.9577,33.718,67.5
59008,5,0,37.5,-80.2985,45.1321,33.718,67.5
59008,4,75,37.5,-81.8857,51.0314,33.718,67.5
59108,7,37.5,75,-58.6307,8.575,33.343,67.5
59108,6,0,75,-76.6806,34.1761,33.343,67.5
59108,8,75,75,-79.4459,42.3268,33.343,67.5
59108,5,0,37.5,-80.2176,44.8526,33.343,67.5
59108,4,75,37.5,-81.963,51.3352,33.343,67.5
59208,7,37.5,75,-58.9122,8.76293,32.968,67.5
59208,6,0,75,-76.5405,33.8104,32.968,67.5
59208,8,75,75,-79.5591,42.6959,32.968,67.5
59208,5,0,37.5,-80.1366,44.5745,32.968,67.5
59308,7,37.5,75,-59.2049,8.96262,32.593,67.5
59308,6,0,75,-76.399,33.4448,32.593,67.5
59308,8,75,75,-79.6714,43.0651,32.593,67.5
59308,5,0,37.5,-80.0555,44.2979,32.593,67.5
59408,7,37.5,75,-59.5069,9.1733,32.218,67.5
59408,6,0,75,-76.256,33.0795,32.218,67.5
59408,8,75,75,-79.7827,43.4344,32.218,67.5
59408,5,0,37.5,-79.9743,44.0227,32.218,67.5
59508,7,37.5,75,-59.8164,9.39423,31.843,67.5
59508,6,0,75,-76.1116,32.7143,31.843,67.5
59508,5,0,37.5,-79.893,43.749,31.843,67.5
59508,8,75,75,-79.8931,43.8038,31.843,67.5
59608,7,37.5,75,-60.1318,9.6247,31.468,67.5
59608,6,0,75,-75.9656,32.3494,31.468,67.5
59608,5,0,37.5,-79.8117,43.4768,31.468,67.5
59608,8,75,75,-80.0027,44.1733,31.468,67.5
59708,7,37.5,75,-60.4515,9.86405,31.093,67.5
59708,6,0,75,-75.818,31.9848,31.093,67.5
59708,5,0,37.5,-79.7304,43.2062,31.093,67.5
59708,8,75,75,-80.1113,44.5429,31.093,67.5
59808,7,37.5,75,-60.7743,10.1116,30.718,67.5
59808,6,0,75,-75.6688,31.6203,30.718,67.5
59808,5,0,37.5,-79.649,42.9371,30.718,67.5
59808,8,75,75,-80.2191,44.9126,30.718,67.5
59908,7,37.5,75,-61.099,10.3669,30.343,67.5
59908,6,0,75,-75.518,31.2562,30.343,67.5
59908,5,0,37.5,-79.5676,42.6696,30.343,67.5
59908,8,75,75,-80.326,45.2824,30.343,67.5
60008,7,37.5,75,-61.4246,10.6292,29.968,67.5
60008,6,0,75,-75.3656,30.8923,29.968,67.5
60008,5,0,37.5,-79.4861,42.4038,29.968,67.5
60008,8,75,75,-80.432,45.6523,29.968,67.5
60108,7,37.5,75,-61.7501,10.8982,29.593,67.5
60108,6,0,75,-75.2115,30.5286,29.593,67.5
60108,5,0,37.5,-79.4047,42.1396,29.593,67.5
60108,8,75,75,-80.5372,46.0222,29.593,67.5
60208,7,37.5,75,-62.075,11.1732,29.218,67.5
60208,6,0,75,-75.0556,30.1652,29.218,67.5
60208,5,0,37.5,-79.3233,41.8771,29.218,67.5
60208,8,75,75,-80.6416,46.3922,29.218,67.5
60308,7,37.5,75,-62.3984,11.454,28.843,67.5
60308,6,0,75,-74.898,29.8022,28.843,67.5
60308,5,0,37.5,-79.2419,41.6163,28.843,67.5
60308,8,75,75,-80.7452,46.7624,28.843,67.5
60408,7,37.5,75,-62.7199,11.74,28.468,67.5
60408,6,0,75,-74.7386,29.4394,28.468,67.5
60408,5,0,37.5,-79.1606,41.3573,28.468,67.5
60408,8,75,75,-80.848,47.1325,28.468,67.5
60508,7,37.5,75,-63.0391,12.0309,28.093,67.5
60508,6,0,75,-74.5773,29.0769,28.093,67.5
60508,5,0,37.5,-79.0793,41.1001,28.093,67.5
60508,8,75,75,-80.9501,47.5028,28.093,67.5
60608,7,37.5,75,-63.3554,12.3263,27.718,67.5
60608,6,0,75,-74.4142,28.7148,27.718,67.5
60608,5,0,37.5,-78.9981,40.8447,27.718,67.5
60608,8,75,75,-81.0513,47.8731,27.718,67.5
60708,7,37.5,75,-63.6686,12.6259,27.343,67.5
60708,6,0,75,-74.2491,28.353,27.343,67.5
60708,5,0,37.5,-78.9169,40.5911,27.343,67.5
60708,8,75,75,-81.1518,48.2435,27.343,67.5
60808,7,37.5,75,-63.9785,12.9295,26.968,67.5
60808,6,0,75,-74.0821,27.9915,26.968,67.5
60808,5,0,37.5,-78.8359,40.3395,26.968,67.5
60808,8,75,75,-81.2515,48.614,26.968,67.5
60908,7,37.5,75,-64.2848,13.2368,26.593,67.5
60908,6,0,75,-73.9131,27.6304,26.593,67.5
60908,5,0,37.5,-78.755,40.0898,26.593,67.5
60908,8,75,75,-81.3505,48.9846,26.593,67.5
61008,7,37.5,75,-64.5873,13.5474,26.218,67.5
61008,6,0,75,-73.7421,27.2697,26.218,67.5
61008,5,0,37.5,-78.6742,39.842,26.218,67.5
61008,8,75,75,-81.4488,49.3552,26.218,67.5
61108,7,37.5,75,-64.8861,13.8613,25.843,67.5
61108,6,0,75,-73.569,26.9093,25.843,67.5
61108,5,0,37.5,-78.5935,39.5962,25.843,67.5
61108,8,75,75,-81.5463,49.7258,25.843,67.5
61208,7,37.5,75,-65.1808,14.1781,25.468,67.5
61208,6,0,75,-73.3937,26.5494,25.468,67.5
61208,5,0,37.5,-78.5131,39.3525,25.468,67.5
61208,8,75,75,-81.6432,50.0966,25.468,67.5
61308,7,37.5,75,-65.4716,14.4977,25.093,67.5
61308,6,0,75,-73.2162,26.1899,25.093,67.5
61308,5,0,37.5,-78.4328,39.1109,25.093,67.5
61308,8,75,75,-81.7393,50.4674,25.093,67.5
61408,7,37.5,75,-65.7583,14.8199,24.718,67.5
61408,6,0,75,-73.0366,25.8308,24.718,67.5
61408,5,0,37.5,-78.3528,38.8713,24.718,67.5
61408,8,75,75,-81.8348,50.8383,24.718,67.5
61508,7,37.5,75,-66.041,15.1445,24.343,67.5
61508,6,0,75,-72.8546,25.4722,24.343,67.5
61508,5,0,37.5,-78.2729,38.634,24.343,67.5
61508,8,75,75,-81.9295,51.2092,24.343,67.5
61608,7,37.5,75,-66.3196,15.4714,23.968,67.5
61608,6,0,75,-72.6703,25.1141,23.968,67.5
61608,5,0,37.5,-78.1934,38.3988,23.968,67.5
61708,7,37.5,75,-66.5941,15.8005,23.593,67.5
61708,6,0,75,-72.4837,24.7564,23.593,67.5
61708,5,0,37.5,-78.1141,38.1658,23.593,67.5
61808,7,37.5,75,-66.8646,16.1315,23.218,67.5
61808,6,0,75,-72.2946,24.3993,23.218,67.5
61808,5,0,37.5,-78.035,37.9352,23.218,67.5
61908,7,37.5,75,-67.1311,16.4644,22.843,67.5
61908,6,0,75,-72.103,24.0427,22.843,67.5
61908,5,0,37.5,-77.9564,37.7068,22.843,67.5
62008,7,37.5,75,-67.3936,16.7991,22.468,67.5
62008,6,0,75,-71.9088,23.6867,22.468,67.5
62008,5,0,37.5,-77.878,37.4808,22.468,67.5
62108,7,37.5,75,-67.6522,17.1355,22.093,67.5
62108,6,0,75,-71.7121,23.3313,22.093,67.5
62108,5,0,37.5,-77.8,37.2572,22.093,67.5
62208,7,37.5,75,-67.907,17.4734,21.718,67.5
62208,6,0,75,-71.5127,22.9766,21.718,67.5
62208,5,0,37.5,-77.7224,37.0361,21.718,67.5
62308,7,37.5,75,-68.158,17.8129,21.343,67.5
62308,6,0,75,-71.3105,22.6224,21.343,67.5
62308,5,0,37.5,-77.6452,36.8174,21.343,67.5
62408,7,37.5,75,-68.4053,18.1537,20.968,67.5
62408,6,0,75,-71.1056,22.269,20.968,67.5
62408,5,0,37.5,-77.5685,36.6013,20.968,67.5
62508,7,37.5,75,-68.6488,18.4958,20.593,67.5
62508,6,0,75,-70.8978,21.9163,20.593,67.5
62508,5,0,37.5,-77.4922,36.3878,20.593,67.5
62608,7,37.5,75,-68.8888,18.8392,20.218,67.5
62608,6,0,75,-70.6871,21.5643,20.218,67.5
62608,5,0,37.5,-77.4164,36.1769,20.218,67.5
62708,7,37.5,75,-69.1253,19.1838,19.843,67.5
62708,6,0,75,-70.4735,21.2131,19.843,67.5
62708,5,0,37.5,-77.3412,35.9687,19.843,67.5
62808,7,37.5,75,-69.3583,19.5295,19.468,67.5
62808,6,0,75,-70.2568,20.8627,19.468,67.5
62808,5,0,37.5,-77.2665,35.7632,19.468,67.5
62908,7,37.5,75,-69.5878,19.8763,19.093,67.5
62908,6,0,75,-70.0369,20.5132,19.093,67.5
62908,5,0,37.5,-77.1924,35.5604,19.093,67.5
63008,6,0,75,-69.8139,20.1647,18.718,67.5
63008,7,37.5,75,-69.8141,20.2241,18.718,67.5
63008,5,0,37.5,-77.1189,35.3605,18.718,67.5
63108,6,0,75,-69.5876,19.8171,18.343,67.5
63108,7,37.5,75,-70.0371,20.5728,18.343,67.5
63108,5,0,37.5,-77.046,35.1634,18.343,67.5
63208,6,0,75,-69.358,19.4705,17.968,67.5
63208,7,37.5,75,-70.257,20.9224,17.968,67.5
63208,5,0,37.5,-76.9738,34.9693,17.968,67.5
63308,6,0,75,-69.125,19.125,17.593,67.5
63308,7,37.5,75,-70.4737,21.2729,17.593,67.5
63308,5,0,37.5,-76.9023,34.7781,17.593,67.5
63408,6,0,75,-68.8886,18.7806,17.218,67.5
63408,7,37.5,75,-70.6874,21.6243,17.218,67.5
63408,5,0,37.5,-76.8315,34.5899,17.218,67.5
63508,6,0,75,-68.6486,18.4374,16.843,67.5
63508,7,37.5,75,-70.8981,21.9764,16.843,67.5
63508,5,0,37.5,-76.7616,34.4048,16.843,67.5
63608,6,0,75,-68.405,18.0955,16.468,67.5
63608,7,37.5,75,-71.1058,22.3292,16.468,67.5
63608,5,0,37.5,-76.6924,34.2227,16.468,67.5
63708,6,0,75,-68.1578,17.7549,16.093,67.5
63708,7,37.5,75,-71.3107,22.6828,16.093,67.5
63708,5,0,37.5,-76.624,34.0439,16.093,67.5
63808,6,0,75,-67.9068,17.4157,15.718,67.5
63808,7,37.5,75,-71.5129,23.037,15.718,67.5
63808,5,0,37.5,-76.5565,33.8682,15.718,67.5
63908,6,0,75,-67.652,17.078,15.343,67.5
63908,7,37.5,75,-71.7123,23.3919,15.343,67.5
63908,5,0,37.5,-76.49,33.6958,15.343,67.5
64008,6,0,75,-67.3934,16.7419,14.968,67.5
64008,7,37.5,75,-71.909,23.7474,14.968,67.5
64008,5,0,37.5,-76.4244,33.5267,14.968,67.5
64108,6,0,75,-67.1308,16.4075,14.593,67.5
64108,7,37.5,75,-72.1032,24.1035,14.593,67.5
64108,5,0,37.5,-76.3597,33.361,14.593,67.5
64208,6,0,75,-66.8643,16.0749,14.218,67.5
64208,7,37.5,75,-72.2948,24.4602,14.218,67.5
64208,5,0,37.5,-76.2961,33.1987,14.218,67.5
64308,6,0,75,-66.5938,15.7442,13.843,67.5
64308,7,37.5,75,-72.4839,24.8174,13.843,67.5
64308,5,0,37.5,-76.2335,33.0398,13.843,67.5
64408,6,0,75,-66.3193,15.4155,13.468,67.5
64408,7,37.5,75,-72.6705,25.1751,13.468,67.5
64408,5,0,37.5,-76.172,32.8845,13.468,67.5
64508,6,0,75,-66.0407,15.089,13.093,67.5
64508,7,37.5,75,-72.8548,25.5333,13.093,67.5
64508,5,0,37.5,-76.1116,32.7327,13.093,67.5
64608,6,0,75,-65.758,14.7647,12.718,67.5
64608,7,37.5,75,-73.0368,25.892,12.718,67.5
64608,5,0,37.5,-76.0524,32.5845,12.718,67.5
64708,6,0,75,-65.4713,14.443,12.343,67.5
64708,7,37.5,75,-73.2164,26.2512,12.343,67.5
64708,5,0,37.5,-75.9944,32.4399,12.343,67.5
64808,6,0,75,-65.1805,14.1239,11.968,67.5
64808,7,37.5,75,-73.3939,26.6108,11.968,67.5
64808,5,0,37.5,-75.9376,32.2991,11.968,67.5
64908,6,0,75,-64.8858,13.8075,11.593,67.5
64908,7,37.5,75,-73.5691,26.9708,11.593,67.5
64908,5,0,37.5,-75.8821,32.1621,11.593,67.5
65008,6,0,75,-64.587,13.4942,11.218,67.5
65008,7,37.5,75,-73.7423,27.3312,11.218,67.5
65008,5,0,37.5,-75.8279,32.0288,11.218,67.5
65108,6,0,75,-64.2845,13.1841,10.843,67.5
65108,7,37.5,75,-73.9133,27.692,10.843,67.5
65108,5,0,37.5,-75.775,31.8994,10.843,67.5
65208,6,0,75,-63.9782,12.8775,10.468,67.5
65208,7,37.5,75,-74.0823,28.0531,10.468,67.5
65208,5,0,37.5,-75.7235,31.7739,10.468,67.5
65308,6,0,75,-63.6683,12.5745,10.093,67.5
65308,7,37.5,75,-74.2493,28.4147,10.093,67.5
65308,5,0,37.5,-75.6734,31.6523,10.093,67.5
65408,6,0,75,-63.3551,12.2756,9.71801,67.5
65408,7,37.5,75,-74.4143,28.7765,9.71801,67.5
65408,5,0,37.5,-75.6248,31.5347,9.71801,67.5
65508,6,0,75,-63.0387,11.9809,9.34301,67.5
65508,7,37.5,75,-74.5775,29.1387,9.34301,67.5
65508,5,0,37.5,-75.5777,31.4212,9.34301,67.5
65608,6,0,75,-62.7196,11.6908,8.96801,67.5
65608,7,37.5,75,-74.7387,29.5013,8.96801,67.5
65608,5,0,37.5,-75.5321,31.3117,8.96801,67.5
65708,6,0,75,-62.3981,11.4057,8.59301,67.5
65708,7,37.5,75,-74.8981,29.8641,8.59301,67.5
65708,5,0,37.5,-75.4881,31.2064,8.59301,67.5
65808,6,0,75,-62.0747,11.1259,8.21801,67.5
65808,7,37.5,75,-75.0558,30.2272,8.21801,67.5
65808,5,0,37.5,-75.4456,31.1052,8.21801,67.5
65908,6,0,75,-61.7498,10.8519,7.84301,67.5
65908,7,37.5,75,-75.2116,30.5906,7.84301,67.5
65908,5,0,37.5,-75.4048,31.0083,7.84301,67.5
66008,6,0,75,-61.4244,10.6066,7.5,67.5
66008,5,0,37.5,-75.3657,30.9233,7.5,67.5
66008,7,37.5,75,-75.3657,30.9233,7.5,67.5
66108,6,0,75,-61.4244,10.6066,7.5,67.5
66108,5,0,37.5,-75.3657,30.9233,7.5,67.5
66108,7,37.5,75,-75.3657,30.9233,7.5,67.5
66208,6,0,75,-61.4244,10.6066,7.5,67.5
66208,5,0,37.5,-75.3657,30.9233,7.5,67.5
66208,7,37.5,75,-75.3657,30.9233,7.5,67.5
66308,6,0,75,-61.4244,10.6066,7.5,67.5
66308,5,0,37.5,-75.3657,30.9233,7.5,67.5
66308,7,37.5,75,-75.3657,30.9233,7.5,67.5
66408,6,0,75,-61.4244,10.6066,7.5,67.5
66408,5,0,37.5,-75.3657,30.9233,7.5,67.5
66408,7,37.5,75,-75.3657,30.9233,7.5,67.5
66508,6,0,75,-61.4244,10.6066,7.5,67.5
66508,5,0,37.5,-75.3657,30.9233,7.5,67.5
66508,7,37.5,75,-75.3657,30.9233,7.5,67.5
66608,6,0,75,-61.4244,10.6066,7.5,67.5
66608,5,0,37.5,-75.3657,30.9233,7.5,67.5
66608,7,37.5,75,-75.3657,30.9233,7.5,67.5
66708,6,0,75,-61.4244,10.6066,7.5,67.5
66708,5,0,37.5,-75.3657,30.9233,7.5,67.5
66708,7,37.5,75,-75.3657,30.9233,7.5,67.5
66808,6,0,75,-61.4244,10.6066,7.5,67.5
66808,5,0,37.5,-75.3657,30.9233,7.5,67.5
66808,7,37.5,75,-75.3657,30.9233,7.5,67.5
66908,6,0,75,-61.4244,10.6066,7.5,67.5
66908,5,0,37.5,-75.3657,30.9233,7.5,67.5
66908,7,37.5,75,-75.3657,30.9233,7.5,67.5
67008,6,0,75,-61.4244,10.6066,7.5,67.5
67008,5,0,37.5,-75.3657,30.9233,7.5,67.5
67008,7,37.5,75,-75.3657,30.9233,7.5,67.5
67108,6,0,75,-61.4244,10.6066,7.5,67.5
67108,5,0,37.5,-75.3657,30.9233,7.5,67.5
67108,7,37.5,75,-75.3657,30.9233,7.5,67.5
67208,6,0,75,-61.4244,10.6066,7.5,67.5
67208,5,0,37.5,-75.3657,30.9233,7.5,67.5
67208,7,37.5,75,-75.3657,30.9233,7.5,67.5
67308,6,0,75,-61.4244,10.6066,7.5,67.5
67308,5,0,37.5,-75.3657,30.9233,7.5,67.5
67308,7,37.5,75,-75.3657,30.9233,7.5,67.5
67408,6,0,75,-61.4244,10.6066,7.5,67.5
67408,5,0,37.5,-75.3657,30.9233,7.5,67.5
67408,7,37.5,75,-75.3657,30.9233,7.5,67.5
67508,6,0,75,-61.4244,10.6066,7.5,67.5
67508,5,0,37.5,-75.3657,30.9233,7.5,67.5
67508,7,37.5,75,-75.3657,30.9233,7.5,67.5
67608,6,0,75,-61.4244,10.6066,7.5,67.5
67608,5,0,37.5,-75.3657,30.9233,7.5,67.5
67608,7,37.5,75,-75.3657,30.9233,7.5,67.5
67708,6,0,75,-61.4244,10.6066,7.5,67.5
67708,5,0,37.5,-75.3657,30.9233,7.5,67.5
67708,7,37.5,75,-75.3657,30.9233,7.5,67.5
67808,6,0,75,-61.4244,10.6066,7.5,67.5
67808,5,0,37.5,-75.3657,30.9233,7.5,67.5
67808,7,37.5,75,-75.3657,30.9233,7.5,67.5
67908,6,0,75,-61.4244,10.6066,7.5,67.5
67908,5,0,37.5,-75.3657,30.9233,7.5,67.5
67908,7,37.5,75,-75.3657,30.9233,7.5,67.5
68008,6,0,75,-61.4244,10.6066,7.5,67.5
68008,5,0,37.5,-75.3657,30.9233,7.5,67.5
68008,7,37.5,75,-75.3657,30.9233,7.5,67.5
68108,6,0,75,-61.4244,10.6066,7.5,67.5
68108,5,0,37.5,-75.3657,30.9233,7.5,67.5
68108,7,37.5,75,-75.3657,30.9233,7.5,67.5
68208,6,0,75,-61.4244,10.6066,7.5,67.5
68208,5,0,37.5,-75.3657,30.9233,7.5,67.5
68208,7,37.5,75,-75.3657,30.9233,7.5,67.5
68308,6,0,75,-61.4244,10.6066,7.5,67.5
68308,5,0,37.5,-75.3657,30.9233,7.5,67.5
68308,7,37.5,75,-75.3657,30.9233,7.5,67.5
68408,6,0,75,-61.4244,10.6066,7.5,67.5
68408,5,0,37.5,-75.3657,30.9233,7.5,67.5
68408,7,37.5,75,-75.3657,30.9233,7.5,67.5
68508,6,0,75,-61.4244,10.6066,7.5,67.5
68508,5,0,37.5,-75.3657,30.9233,7.5,67.5
68508,7,37.5,75,-75.3657,30.9233,7.5,67.5
68608,6,0,75,-61.4244,10.6066,7.5,67.5
68608,5,0,37.5,-75.3657,30.9233,7.5,67.5
68608,7,37.5,75,-75.3657,30.9233,7.5,67.5
68708,6,0,75,-61.4244,10.6066,7.5,67.5
68708,5,0,37.5,-75.3657,30.9233,7.5,67.5
68708,7,37.5,75,-75.3657,30.9233,7.5,67.5
68808,6,0,75,-61.4244,10.6066,7.5,67.5
68808,5,0,37.5,-75.3657,30.9233,7.5,67.5
68808,7,37.5,75,-75.3657,30.9233,7.5,67.5
68908,6,0,75,-61.4244,10.6066,7.5,67.5
68908,5,0,37.5,-75.3657,30.9233,7.5,67.5
68908,7,37.5,75,-75.3657,30.9233,7.5,67.5
69008,6,0,75,-61.4244,10.6066,7.5,67.5
69008,5,0,37.5,-75.3657,30.9233,7.5,67.5
69008,7,37.5,75,-75.3657,30.9233,7.5,67.5
69108,6,0,75,-61.4244,10.6066,7.5,67.5
69108,5,0,37.5,-75.3657,30.9233,7.5,67.5
69108,7,37.5,75,-75.3657,30.9233,7.5,67.5
69208,6,0,75,-61.4244,10.6066,7.5,67.5
69208,5,0,37.5,-75.3657,30.9233,7.5,67.5
69208,7,37.5,75,-75.3657,30.9233,7.5,67.5
69308,6,0,75,-61.4244,10.6066,7.5,67.5
69308,5,0,37.5,-75.3657,30.9233,7.5,67.5
69308,7,37.5,75,-75.3657,30.9233,7.5,67.5
69408,6,0,75,-61.4244,10.6066,7.5,67.5
69408,5,0,37.5,-75.3657,30.9233,7.5,67.5
69408,7,37.5,75,-75.3657,30.9233,7.5,67.5
69508,6,0,75,-61.4244,10.6066,7.5,67.5
69508,5,0,37.5,-75.3657,30.9233,7.5,67.5
69508,7,37.5,75,-75.3657,30.9233,7.5,67.5
69608,6,0,75,-61.4244,10.6066,7.5,67.5
69608,5,0,37.5,-75.3657,30.9233,7.5,67.5
69608,7,37.5,75,-75.3657,30.9233,7.5,67.5
69708,6,0,75,-61.4244,10.6066,7.5,67.5
69708,5,0,37.5,-75.3657,30.9233,7.5,67.5
69708,7,37.5,75,-75.3657,30.9233,7.5,67.5
69808,6,0,75,-61.4244,10.6066,7.5,67.5
69808,5,0,37.5,-75.3657,30.9233,7.5,67.5
69808,7,37.5,75,-75.3657,30.9233,7.5,67.5
69908,6,0,75,-61.4244,10.6066,7.5,67.5
69908,5,0,37.5,-75.3657,30.9233,7.5,67.5
69908,7,37.5,75,-75.3657,30.9233,7.5,67.5
70008,6,0,75,-61.4246,10.6292,7.5,67.468
70008,5,0,37.5,-75.3656,30.8923,7.5,67.468
70008,7,37.5,75,-75.3657,30.9311,7.5,67.468
70108,6,0,75,-61.7501,10.8982,7.5,67.093
70108,5,0,37.5,-75.2115,30.5286,7.5,67.093
70108,7,37.5,75,-75.4049,31.0245,7.5,67.093
70208,6,0,75,-62.075,11.1732,7.5,66.718
70208,5,0,37.5,-75.0556,30.1652,7.5,66.718
70208,7,37.5,75,-75.4457,31.1222,7.5,66.718
70308,6,0,75,-62.3984,11.454,7.5,66.343
70308,5,0,37.5,-74.898,29.8022,7.5,66.343
70308,7,37.5,75,-75.4881,31.2241,7.5,66.343
70408,6,0,75,-62.7199,11.74,7.5,65.968
70408,5,0,37.5,-74.7386,29.4394,7.5,65.968
70408,7,37.5,75,-75.5322,31.3301,7.5,65.968
70508,6,0,75,-63.0391,12.0309,7.5,65.593
70508,5,0,37.5,-74.5773,29.0769,7.5,65.593
70508,7,37.5,75,-75.5778,31.4403,7.5,65.593
70608,6,0,75,-63.3554,12.3263,7.5,65.218
70608,5,0,37.5,-74.4142,28.7148,7.5,65.218
70608,7,37.5,75,-75.6249,31.5545,7.5,65.218
70708,6,0,75,-63.6686,12.6259,7.5,64.843
70708,5,0,37.5,-74.2491,28.353,7.5,64.843
70708,7,37.5,75,-75.6735,31.6728,7.5,64.843
70808,6,0,75,-63.9785,12.9295,7.5,64.468
70808,5,0,37.5,-74.0821,27.9915,7.5,64.468
70808,7,37.5,75,-75.7236,31.795,7.5,64.468
70908,6,0,75,-64.2848,13.2368,7.5,64.093
70908,5,0,37.5,-73.9131,27.6304,7.5,64.093
70908,7,37.5,75,-75.775,31.9212,7.5,64.093
71008,6,0,75,-64.5873,13.5474,7.5,63.718
71008,5,0,37.5,-73.7421,27.2697,7.5,63.718
71008,7,37.5,75,-75.8279,32.0513,7.5,63.718
71108,6,0,75,-64.8861,13.8613,7.5,63.343
71108,5,0,37.5,-73.569,26.9093,7.5,63.343
71108,7,37.5,75,-75.8821,32.1852,7.5,63.343
71208,6,0,75,-65.1808,14.1781,7.5,62.968
71208,5,0,37.5,-73.3937,26.5494,7.5,62.968
71208,7,37.5,75,-75.9376,32.3229,7.5,62.968
71308,6,0,75,-65.4716,14.4977,7.5,62.593
71308,5,0,37.5,-73.2162,26.1899,7.5,62.593
71308,7,37.5,75,-75.9944,32.4643,7.5,62.593
71408,6,0,75,-65.7583,14.8199,7.5,62.218
71408,5,0,37.5,-73.0366,25.8308,7.5,62.218
71408,7,37.5,75,-76.0524,32.6095,7.5,62.218
71508,6,0,75,-66.041,15.1445,7.5,61.843
71508,5,0,37.5,-72.8546,25.4722,7.5,61.843
71508,7,37.5,75,-76.1117,32.7583,7.5,61.843
71608,6,0,75,-66.3196,15.4714,7.5,61.468
71608,5,0,37.5,-72.6703,25.1141,7.5,61.468
71608,7,37.5,75,-76.172,32.9107,7.5,61.468
71708,6,0,75,-66.5941,15.8005,7.5,61.093
71708,5,0,37.5,-72.4837,24.7564,7.5,61.093
71708,7,37.5,75,-76.2335,33.0667,7.5,61.093
71808,6,0,75,-66.8646,16.1315,7.5,60.718
71808,5,0,37.5,-72.2946,24.3993,7.5,60.718
71808,7,37.5,75,-76.2961,33.2261,7.5,60.718
71908,6,0,75,-67.1311,16.4644,7.5,60.343
71908,5,0,37.5,-72.103,24.0427,7.5,60.343
71908,7,37.5,75,-76.3598,33.389,7.5,60.343
72008,6,0,75,-67.3936,16.7991,7.5,59.968
72008,5,0,37.5,-71.9088,23.6867,7.5,59.968
72008,7,37.5,75,-76.4244,33.5553,7.5,59.968
72108,6,0,75,-67.6522,17.1355,7.5,59.593
72108,5,0,37.5,-71.7121,23.3313,7.5,59.593
72108,7,37.5,75,-76.49,33.725,7.5,59.593
72208,6,0,75,-67.907,17.4734,7.5,59.218
72208,5,0,37.5,-71.5127,22.9766,7.5,59.218
72208,7,37.5,75,-76.5566,33.898,7.5,59.218
72308,6,0,75,-68.158,17.8129,7.5,58.843
72308,5,0,37.5,-71.3105,22.6224,7.5,58.843
72308,7,37.5,75,-76.6241,34.0742,7.5,58.843
72408,6,0,75,-68.4053,18.1537,7.5,58.468
72408,5,0,37.5,-71.1056,22.269,7.5,58.468
72408,7,37.5,75,-76.6924,34.2536,7.5,58.468
72508,6,0,75,-68.6488,18.4958,7.5,58.093
72508,5,0,37.5,-70.8978,21.9163,7.5,58.093
72508,7,37.5,75,-76.7616,34.4361,7.5,58.093
72608,6,0,75,-68.8888,18.8392,7.5,57.718
72608,5,0,37.5,-70.6871,21.5643,7.5,57.718
72608,7,37.5,75,-76.8316,34.6218,7.5,57.718
72708,6,0,75,-69.1253,19.1838,7.5,57.343
72708,5,0,37.5,-70.4735,21.2131,7.5,57.343
72708,7,37.5,75,-76.9024,34.8105,7.5,57.343
72808,6,0,75,-69.3583,19.5295,7.5,56.968
72808,5,0,37.5,-70.2568,20.8627,7.5,56.968
72808,7,37.5,75,-76.9739,35.0022,7.5,56.968
72908,6,0,75,-69.5878,19.8763,7.5,56.593
72908,5,0,37.5,-70.0369,20.5132,7.5,56.593
72908,7,37.5,75,-77.0461,35.1968,7.5,56.593
73008,5,0,37.5,-69.8139,20.1647,7.5,56.218
73008,6,0,75,-69.8141,20.2241,7.5,56.218
73008,7,37.5,75,-77.1189,35.3944,7.5,56.218
73108,5,0,37.5,-69.5876,19.8171,7.5,55.843
73108,6,0,75,-70.0371,20.5728,7.5,55.843
73108,7,37.5,75,-77.1924,35.5948,7.5,55.843
73208,5,0,37.5,-69.358,19.4705,7.5,55.468
73208,6,0,75,-70.257,20.9224,7.5,55.468
73208,7,37.5,75,-77.2666,35.798,7.5,55.468
73308,5,0,37.5,-69.125,19.125,7.5,55.093
73308,6,0,75,-70.4737,21.2729,7.5,55.093
73308,7,37.5,75,-77.3413,36.004,7.5,55.093
73408,5,0,37.5,-68.8886,18.7806,7.5,54.718
73408,6,0,75,-70.6874,21.6243,7.5,54.718
73408,7,37.5,75,-77.4165,36.2127,7.5,54.718
73508,5,0,37.5,-68.6486,18.4374,7.5,54.343
73508,6,0,75,-70.8981,21.9764,7.5,54.343
73508,7,37.5,75,-77.4923,36.424,7.5,54.343
73608,5,0,37.5,-68.405,18.0955,7.5,53.968
73608,6,0,75,-71.1058,22.3292,7.5,53.968
73608,7,37.5,75,-77.5686,36.638,7.5,53.968
73708,5,0,37.5,-68.1578,17.7549,7.5,53.593
73708,6,0,75,-71.3107,22.6828,7.5,53.593
73708,7,37.5,75,-77.6453,36.8546,7.5,53.593
73808,5,0,37.5,-67.9068,17.4157,7.5,53.218
73808,6,0,75,-71.5129,23.037,7.5,53.218
73808,7,37.5,75,-77.7225,37.0736,7.5,53.218
73908,5,0,37.5,-67.652,17.078,7.5,52.843
73908,6,0,75,-71.7123,23.3919,7.5,52.843
73908,7,37.5,75,-77.8001,37.2952,7.5,52.843
74008,5,0,37.5,-67.3934,16.7419,7.5,52.468
74008,6,0,75,-71.909,23.7474,7.5,52.468
74008,7,37.5,75,-77.8781,37.5192,7.5,52.468
74108,5,0,37.5,-67.1308,16.4075,7.5,52.093
74108,6,0,75,-72.1032,24.1035,7.5,52.093
74108,7,37.5,75,-77.9564,37.7456,7.5,52.093
74208,5,0,37.5,-66.8643,16.0749,7.5,51.718
74208,6,0,75,-72.2948,24.4602,7.5,51.718
74208,7,37.5,75,-78.0351,37.9743,7.5,51.718
74308,5,0,37.5,-66.5938,15.7442,7.5,51.343
74308,6,0,75,-72.4839,24.8174,7.5,51.343
74308,7,37.5,75,-78.1141,38.2054,7.5,51.343
74408,5,0,37.5,-66.3193,15.4155,7.5,50.968
74408,6,0,75,-72.6705,25.1751,7.5,50.968
74408,7,37.5,75,-78.1934,38.4387,7.5,50.968
74508,5,0,37.5,-66.0407,15.089,7.5,50.593
74508,6,0,75,-72.8548,25.5333,7.5,50.593
74508,7,37.5,75,-78.273,38.6743,7.5,50.593
74508,1,0,0,-81.9294,51.1459,7.5,50.593
74608,5,0,37.5,-65.758,14.7647,7.5,50.218
74608,6,0,75,-73.0368,25.892,7.5,50.218
74608,7,37.5,75,-78.3528,38.912,7.5,50.218
74608,1,0,0,-81.8347,50.775,7.5,50.218
74708,5,0,37.5,-65.4713,14.443,7.5,49.843
74708,6,0,75,-73.2164,26.2512,7.5,49.843
74708,7,37.5,75,-78.4329,39.1519,7.5,49.843
74708,1,0,0,-81.7392,50.4041,7.5,49.843
74808,5,0,37.5,-65.1805,14.1239,7.5,49.468
74808,6,0,75,-73.3939,26.6108,7.5,49.468
74808,7,37.5,75,-78.5132,39.3939,7.5,49.468
74808,1,0,0,-81.6431,50.0333,7.5,49.468
74908,5,0,37.5,-64.8858,13.8075,7.5,49.093
74908,6,0,75,-73.5691,26.9708,7.5,49.093
74908,7,37.5,75,-78.5936,39.638,7.5,49.093
74908,1,0,0,-81.5462,49.6626,7.5,49.093
75008,5,0,37.5,-64.587,13.4942,7.5,48.718
75008,6,0,75,-73.7423,27.3312,7.5,48.718
75008,7,37.5,75,-78.6743,39.8841,7.5,48.718
75008,1,0,0,-81.4487,49.2919,7.5,48.718
75108,5,0,37.5,-64.2845,13.1841,7.5,48.343
75108,6,0,75,-73.9133,27.692,7.5,48.343
75108,7,37.5,75,-78.755,40.1322,7.5,48.343
75108,1,0,0,-81.3504,48.9213,7.5,48.343
75208,5,0,37.5,-63.9782,12.8775,7.5,47.968
75208,6,0,75,-74.0823,28.0531,7.5,47.968
75208,7,37.5,75,-78.836,40.3823,7.5,47.968
75208,1,0,0,-81.2514,48.5508,7.5,47.968
75308,5,0,37.5,-63.6683,12.5745,7.5,47.593
75308,6,0,75,-74.2493,28.4147,7.5,47.593
75308,7,37.5,75,-78.917,40.6343,7.5,47.593
75308,1,0,0,-81.1517,48.1803,7.5,47.593
75408,5,0,37.5,-63.3551,12.2756,7.5,47.218
75408,6,0,75,-74.4143,28.7765,7.5,47.218
75408,7,37.5,75,-78.9981,40.8881,7.5,47.218
75408,1,0,0,-81.0512,47.8099,7.5,47.218
75508,5,0,37.5,-63.0387,11.9809,7.5,46.843
75508,6,0,75,-74.5775,29.1387,7.5,46.843
75508,7,37.5,75,-79.0794,41.1438,7.5,46.843
75508,1,0,0,-80.95,47.4396,7.5,46.843
75608,5,0,37.5,-62.7196,11.6908,7.5,46.468
75608,6,0,75,-74.7387,29.5013,7.5,46.468
75608,7,37.5,75,-79.1606,41.4014,7.5,46.468
75608,1,0,0,-80.8479,47.0694,7.5,46.468
75708,5,0,37.5,-62.3981,11.4057,7.5,46.093
75708,6,0,75,-74.8981,29.8641,7.5,46.093
75708,7,37.5,75,-79.242,41.6607,7.5,46.093
75708,1,0,0,-80.7451,46.6992,7.5,46.093
75808,5,0,37.5,-62.0747,11.1259,7.5,45.718
75808,6,0,75,-75.0558,30.2272,7.5,45.718
75808,7,37.5,75,-79.3234,41.9218,7.5,45.718
75808,1,0,0,-80.6415,46.3291,7.5,45.718
75908,5,0,37.5,-61.7498,10.8519,7.5,45.343
75908,6,0,75,-75.2116,30.5906,7.5,45.343
75908,7,37.5,75,-79.4048,42.1846,7.5,45.343
75908,1,0,0,-80.5371,45.9591,7.5,45.343
76008,5,0,37.5,-61.4242,10.584,7.5,44.968
76008,6,0,75,-75.3657,30.9543,7.5,44.968
76008,7,37.5,75,-79.4862,42.449,7.5,44.968
76008,1,0,0,-80.4319,45.5892,7.5,44.968
76108,5,0,37.5,-61.0986,10.3228,7.5,44.593
76108,6,0,75,-75.5182,31.3183,7.5,44.593
76108,7,37.5,75,-79.5677,42.7152,7.5,44.593
76108,1,0,0,-80.3259,45.2193,7.5,44.593
76208,5,0,37.5,-60.774,10.0688,7.5,44.218
76208,6,0,75,-75.669,31.6825,7.5,44.218
76208,7,37.5,75,-79.6491,42.9829,7.5,44.218
76208,1,0,0,-80.2189,44.8496,7.5,44.218
76308,5,0,37.5,-60.4512,9.82262,7.5,43.843
76308,6,0,75,-75.8181,32.047,7.5,43.843
76308,7,37.5,75,-79.7305,43.2523,7.5,43.843
76308,1,0,0,-80.1112,44.4799,7.5,43.843
76408,5,0,37.5,-60.1314,9.58474,7.5,43.468
76408,6,0,75,-75.9657,32.4117,7.5,43.468
76408,7,37.5,75,-79.8118,43.5232,7.5,43.468
76408,1,0,0,-80.0026,44.1103,7.5,43.468
76508,5,0,37.5,-59.8161,9.35584,7.5,43.093
76508,6,0,75,-76.1117,32.7766,7.5,43.093
76508,1,0,0,-79.893,43.7408,7.5,43.093
76508,7,37.5,75,-79.8931,43.7956,7.5,43.093
76608,5,0,37.5,-59.5066,9.13661,7.5,42.718
76608,6,0,75,-76.2562,33.1418,7.5,42.718
76608,1,0,0,-79.7826,43.3714,7.5,42.718
76608,7,37.5,75,-79.9744,44.0696,7.5,42.718
76708,5,0,37.5,-59.2046,8.92775,7.5,42.343
76708,6,0,75,-76.3992,33.5071,7.5,42.343
76708,1,0,0,-79.6713,43.0021,7.5,42.343
76708,7,37.5,75,-80.0556,44.345,7.5,42.343
76808,5,0,37.5,-58.9119,8.73001,7.5,41.968
76808,6,0,75,-76.5407,33.8727,7.5,41.968
76808,1,0,0,-79.559,42.6329,7.5,41.968
76808,7,37.5,75,-80.1367,44.6219,7.5,41.968
76908,5,0,37.5,-58.6305,8.54416,7.5,41.593
76908,6,0,75,-76.6807,34.2385,7.5,41.593
76908,1,0,0,-79.4458,42.2638,7.5,41.593
76908,7,37.5,75,-80.2177,44.9002,7.5,41.593
76908,2,37.5,0,-81.9629,51.2833,7.5,41.593
77008,5,0,37.5,-58.3625,8.371,7.5,41.218
77008,6,0,75,-76.8194,34.6045,7.5,41.218
77008,1,0,0,-79.3316,41.8948,7.5,41.218
77008,7,37.5,75,-80.2986,45.1799,7.5,41.218
77008,2,37.5,0,-81.8856,50.9796,7.5,41.218
77108,5,0,37.5,-58.1101,8.21132,7.5,40.843
77108,6,0,75,-76.9567,34.9707,7.5,40.843
77108,1,0,0,-79.2165,41.5259,7.5,40.843
77108,7,37.5,75,-80.3794,45.461,7.5,40.843
77108,2,37.5,0,-81.808,50.6769,7.5,40.843
77208,5,0,37.5,-57.8757,8.06592,7.5,40.468
77208,6,0,75,-77.0926,35.3371,7.5,40.468
77208,1,0,0,-79.1003,41.1571,7.5,40.468
77208,7,37.5,75,-80.4601,45.7434,7.5,40.468
77208,2,37.5,0,-81.7302,50.3752,7.5,40.468
77308,5,0,37.5,-57.6616,7.9356,7.5,40.093
77308,6,0,75,-77.2271,35.7036,7.5,40.093
77308,1,0,0,-78.9832,40.7885,7.5,40.093
77308,7,37.5,75,-80.5407,46.0271,7.5,40.093
77308,2,37.5,0,-81.6522,50.0744,7.5,40.093
77408,5,0,37.5,-57.4702,7.8211,7.5,39.718
77408,6,0,75,-77.3604,36.0703,7.5,39.718
77408,1,0,0,-78.865,40.4199,7.5,39.718
77408,7,37.5,75,-80.6211,46.3122,7.5,39.718
77408,2,37.5,0,-81.574,49.7747,7.5,39.718
77508,5,0,37.5,-57.3038,7.72313,7.5,39.343
77508,6,0,75,-77.4923,36.4372,7.5,39.343
77508,1,0,0,-78.7458,40.0515,7.5,39.343
77508,7,37.5,75,-80.7015,46.5985,7.5,39.343
77508,2,37.5,0,-81.4956,49.476,7.5,39.343
77608,5,0,37.5,-57.1644,7.64232,7.5,38.968
77608,6,0,75,-77.623,36.8043,7.5,38.968
77608,1,0,0,-78.6255,39.6832,7.5,38.968
77608,7,37.5,75,-80.7816,46.8861,7.5,38.968
77608,2,37.5,0,-81.417,49.1783,7.5,38.968
77708,5,0,37.5,-57.0538,7.57923,7.5,38.593
77708,6,0,75,-77.7525,37.1715,7.5,38.593
77708,1,0,0,-78.5042,39.315,7.5,38.593
77708,7,37.5,75,-80.8616,47.1749,7.5,38.593
77708,2,37.5,0,-81.3382,48.8817,7.5,38.593
77808,5,0,37.5,-56.9737,7.53429,7.5,38.218
77808,6,0,75,-77.8807,37.5388,7.5,38.218
77808,1,0,0,-78.3817,38.947,7.5,38.218
77808,7,37.5,75,-80.9415,47.4649,7.5,38.218
77808,2,37.5,0,-81.2592,48.5862,7.5,38.218
77908,5,0,37.5,-56.9252,7.50784,7.5,37.843
77908,6,0,75,-78.0077,37.9064,7.5,37.843
77908,1,0,0,-78.2582,38.5791,7.5,37.843
77908,7,37.5,75,-81.0212,47.7561,7.5,37.843
77908,2,37.5,0,-81.18,48.2918,7.5,37.843
78008,5,0,37.5,-56.9089,7.50007,7.5,37.468
78008,1,0,0,-78.1335,38.2113,7.5,37.468
78008,6,0,75,-78.1336,38.274,7.5,37.468
78008,2,37.5,0,-81.1007,47.9985,7.5,37.468
78008,7,37.5,75,-81.1007,48.0484,7.5,37.468
78108,5,0,37.5,-56.9252,7.51103,7.5,37.093
78108,1,0,0,-78.0076,37.8436,7.5,37.093
78108,6,0,75,-78.2583,38.6418,7.5,37.093
78108,2,37.5,0,-81.0211,47.7063,7.5,37.093
78108,7,37.5,75,-81.1801,48.3419,7.5,37.093
78208,5,0,37.5,-56.9738,7.54066,7.5,36.718
78208,1,0,0,-77.8806,37.4762,7.5,36.718
78208,6,0,75,-78.3819,39.0098,7.5,36.718
78208,2,37.5,0,-80.9414,47.4153,7.5,36.718
78208,7,37.5,75,-81.2593,48.6365,7.5,36.718
78308,5,0,37.5,-57.0539,7.58872,7.5,36.343
78308,1,0,0,-77.7523,37.1088,7.5,36.343
78308,6,0,75,-78.5043,39.3778,7.5,36.343
78308,2,37.5,0,-80.8616,47.1255,7.5,36.343
78308,7,37.5,75,-81.3383,48.9322,7.5,36.343
78408,5,0,37.5,-57.1645,7.65487,7.5,35.968
78408,1,0,0,-77.6229,36.7416,7.5,35.968
78408,6,0,75,-78.6257,39.746,7.5,35.968
78408,2,37.5,0,-80.7815,46.8369,7.5,35.968
78408,7,37.5,75,-81.4171,49.229,7.5,35.968
78508,5,0,37.5,-57.3039,7.73864,7.5,35.593
78508,1,0,0,-77.4922,36.3746,7.5,35.593
78508,6,0,75,-78.7459,40.1143,7.5,35.593
78508,2,37.5,0,-80.7014,46.5496,7.5,35.593
78508,7,37.5,75,-81.4957,49.5269,7.5,35.593
78608,5,0,37.5,-57.4704,7.83948,7.5,35.218
78608,1,0,0,-77.3602,36.0078,7.5,35.218
78608,6,0,75,-78.8652,40.4828,7.5,35.218
78608,2,37.5,0,-80.6211,46.2635,7.5,35.218
78608,7,37.5,75,-81.5741,49.8258,7.5,35.218
78708,5,0,37.5,-57.6618,7.95673,7.5,34.843
78708,1,0,0,-77.227,35.6411,7.5,34.843
78708,6,0,75,-78.9833,40.8514,7.5,34.843
78708,2,37.5,0,-80.5406,45.9786,7.5,34.843
78708,7,37.5,75,-81.6523,50.1257,7.5,34.843
78808,5,0,37.5,-57.8759,8.08968,7.5,34.468
78808,1,0,0,-77.0924,35.2745,7.5,34.468
78808,6,0,75,-79.1005,41.22,7.5,34.468
78808,2,37.5,0,-80.46,45.6951,7.5,34.468
78808,7,37.5,75,-81.7303,50.4266,7.5,34.468
78908,5,0,37.5,-58.1103,8.23757,7.5,34.093
78908,1,0,0,-76.9565,34.9082,7.5,34.093
78908,6,0,75,-79.2166,41.5888,7.5,34.093
78908,2,37.5,0,-80.3793,45.4129,7.5,34.093
78908,7,37.5,75,-81.8081,50.7285,7.5,34.093
79008,5,0,37.5,-58.3627,8.39961,7.5,33.718
79008,1,0,0,-76.8193,34.5421,7.5,33.718
79008,6,0,75,-79.3317,41.9577,7.5,33.718
79008,2,37.5,0,-80.2985,45.1321,7.5,33.718
79008,7,37.5,75,-81.8857,51.0314,7.5,33.718
79108,5,0,37.5,-58.6307,8.575,7.5,33.343
79108,1,0,0,-76.6806,34.1761,7.5,33.343
79108,6,0,75,-79.4459,42.3268,7.5,33.343
79108,2,37.5,0,-80.2176,44.8526,7.5,33.343
79108,7,37.5,75,-81.963,51.3352,7.5,33.343
79208,5,0,37.5,-58.9122,8.76293,7.5,32.968
79208,1,0,0,-76.5405,33.8104,7.5,32.968
79208,6,0,75,-79.5591,42.6959,7.5,32.968
79208,2,37.5,0,-80.1366,44.5745,7.5,32.968
79308,5,0,37.5,-59.2049,8.96262,7.5,32.593
79308,1,0,0,-76.399,33.4448,7.5,32.593
79308,6,0,75,-79.6714,43.0651,7.5,32.593
79308,2,37.5,0,-80.0555,44.2979,7.5,32.593
79408,5,0,37.5,-59.5069,9.1733,7.5,32.218
79408,1,0,0,-76.256,33.0795,7.5,32.218
79408,6,0,75,-79.7827,43.4344,7.5,32.218
79408,2,37.5,0,-79.9743,44.0227,7.5,32.218
79508,5,0,37.5,-59.8164,9.39423,7.5,31.843
79508,1,0,0,-76.1116,32.7143,7.5,31.843
79508,2,37.5,0,-79.893,43.749,7.5,31.843
79508,6,0,75,-79.8931,43.8038,7.5,31.843
79608,5,0,37.5,-60.1318,9.6247,7.5,31.468
79608,1,0,0,-75.9656,32.3494,7.5,31.468
79608,2,37.5,0,-79.8117,43.4768,7.5,31.468
79608,6,0,75,-80.0027,44.1733,7.5,31.468
79708,5,0,37.5,-60.4515,9.86405,7.5,31.093
79708,1,0,0,-75.818,31.9848,7.5,31.093
79708,2,37.5,0,-79.7304,43.2062,7.5,31.093
79708,6,0,75,-80.1113,44.5429,7.5,31.093
79808,5,0,37.5,-60.7743,10.1116,7.5,30.718
79808,1,0,0,-75.6688,31.6203,7.5,30.718
79808,2,37.5,0,-79.649,42.9371,7.5,30.718
79808,6,0,75,-80.2191,44.9126,7.5,30.718
79908,5,0,37.5,-61.099,10.3669,7.5,30.343
79908,1,0,0,-75.518,31.2562,7.5,30.343
79908,2,37.5,0,-79.5676,42.6696,7.5,30.343
79908,6,0,75,-80.326,45.2824,7.5,30.343
80008,5,0,37.5,-61.4246,10.6292,7.5,29.968
80008,1,0,0,-75.3656,30.8923,7.5,29.968
80008,2,37.5,0,-79.4861,42.4038,7.5,29.968
80008,6,0,75,-80.432,45.6523,7.5,29.968
80108,5,0,37.5,-61.7501,10.8982,7.5,29.593
80108,1,0,0,-75.2115,30.5286,7.5,29.593
80108,2,37.5,0,-79.4047,42.1396,7.5,29.593
80108,6,0,75,-80.5372,46.0222,7.5,29.593
80208,5,0,37.5,-62.075,11.1732,7.5,29.218
80208,1,0,0,-75.0556,30.1652,7.5,29.218
80208,2,37.5,0,-79.3233,41.8771,7.5,29.218
80208,6,0,75,-80.6416,46.3922,7.5,29.218
80308,5,0,37.5,-62.3984,11.454,7.5,28.843
80308,1,0,0,-74.898,29.8022,7.5,28.843
80308,2,37.5,0,-79.2419,41.6163,7.5,28.843
80308,6,0,75,-80.7452,46.7624,7.5,28.843
80408,5,0,37.5,-62.7199,11.74,7.5,28.468
80408,1,0,0,-74.7386,29.4394,7.5,28.468
80408,2,37.5,0,-79.1606,41.3573,7.5,28.468
80408,6,0,75,-80.848,47.1325,7.5,28.468
80508,5,0,37.5,-63.0391,12.0309,7.5,28.093
80508,1,0,0,-74.5773,29.0769,7.5,28.093
80508,2,37.5,0,-79.0793,41.1001,7.5,28.093
80508,6,0,75,-80.9501,47.5028,7.5,28.093
80608,5,0,37.5,-63.3554,12.3263,7.5,27.718
80608,1,0,0,-74.4142,28.7148,7.5,27.718
80608,2,37.5,0,-78.9981,40.8447,7.5,27.718
80608,6,0,75,-81.0513,47.8731,7.5,27.718
80708,5,0,37.5,-63.6686,12.6259,7.5,27.343
80708,1,0,0,-74.2491,28.353,7.5,27.343
80708,2,37.5,0,-78.9169,40.5911,7.5,27.343
80708,6,0,75,-81.1518,48.2435,7.5,27.343
80808,5,0,37.5,-63.9785,12.9295,7.5,26.968
80808,1,0,0,-74.0821,27.9915,7.5,26.968
80808,2,37.5,0,-78.8359,40.3395,7.5,26.968
80808,6,0,75,-81.2515,48.614,7.5,26.968
80908,5,0,37.5,-64.2848,13.2368,7.5,26.593
80908,1,0,0,-73.9131,27.6304,7.5,26.593
80908,2,37.5,0,-78.755,40.0898,7.5,26.593
80908,6,0,75,-81.3505,48.9846,7.5,26.593
81008,5,0,37.5,-64.5873,13.5474,7.5,26.218
81008,1,0,0,-73.7421,27.2697,7.5,26.218
81008,2,37.5,0,-78.6742,39.842,7.5,26.218
81008,6,0,75,-81.4488,49.3552,7.5,26.218
81108,5,0,37.5,-64.8861,13.8613,7.5,25.843
81108,1,0,0,-73.569,26.9093,7.5,25.843
81108,2,37.5,0,-78.5935,39.5962,7.5,25.843
81108,6,0,75,-81.5463,49.7258,7.5,25.843
81208,5,0,37.5,-65.1808,14.1781,7.5,25.468
81208,1,0,0,-73.3937,26.5494,7.5,25.468
81208,2,37.5,0,-78.5131,39.3525,7.5,25.468
81208,6,0,75,-81.6432,50.0966,7.5,25.468
81308,5,0,37.5,-65.4716,14.4977,7.5,25.093
81308,1,0,0,-73.2162,26.1899,7.5,25.093
81308,2,37.5,0,-78.4328,39.1109,7.5,25.093
81308,6,0,75,-81.7393,50.4674,7.5,25.093
81408,5,0,37.5,-65.7583,14.8199,7.5,24.718
81408,1,0,0,-73.0366,25.8308,7.5,24.718
81408,2,37.5,0,-78.3528,38.8713,7.5,24.718
81408,6,0,75,-81.8348,50.8383,7.5,24.718
81508,5,0,37.5,-66.041,15.1445,7.5,24.343
81508,1,0,0,-72.8546,25.4722,7.5,24.343
81508,2,37.5,0,-78.2729,38.634,7.5,24.343
81508,6,0,75,-81.9295,51.2092,7.5,24.343
81608,5,0,37.5,-66.3196,15.4714,7.5,23.968
81608,1,0,0,-72.6703,25.1141,7.5,23.968
81608,2,37.5,0,-78.1934,38.3988,7.5,23.968
81708,5,0,37.5,-66.5941,15.8005,7.5,23.593
81708,1,0,0,-72.4837,24.7564,7.5,23.593
81708,2,37.5,0,-78.1141,38.1658,7.5,23.593
81808,5,0,37.5,-66.8646,16.1315,7.5,23.218
81808,1,0,0,-72.2946,24.3993,7.5,23.218
81808,2,37.5,0,-78.035,37.9352,7.5,23.218
81908,5,0,37.5,-67.1311,16.4644,7.5,22.843
81908,1,0,0,-72.103,24.0427,7.5,22.843
81908,2,37.5,0,-77.9564,37.7068,7.5,22.843
