millis,node,x,y,rssi,distance,target_x,target_y
9,2,42.5,0,-79.5082,42.4728,42.4728,42.4728
9,4,85,42.5,-79.5093,42.5272,42.4728,42.4728
9,5,0,42.5,-79.5082,42.4728,42.4728,42.4728
9,7,42.5,85,-79.5093,42.5272,42.4728,42.4728
108,2,42.5,0,-79.4166,42.1751,42.1738,42.1738
108,5,0,42.5,-79.4166,42.1751,42.1738,42.1738
108,4,85,42.5,-79.6009,42.8274,42.1738,42.1738
108,7,42.5,85,-79.6009,42.8274,42.1738,42.1738
208,2,42.5,0,-79.3245,41.878,41.8733,41.8733
208,5,0,42.5,-79.3245,41.878,41.8733,41.8733
208,4,85,42.5,-79.693,43.1312,41.8733,41.8733
208,7,42.5,85,-79.693,43.1312,41.8733,41.8733
308,2,42.5,0,-79.2324,41.5831,41.5728,41.5728
308,5,0,42.5,-79.2324,41.5831,41.5728,41.5728
308,4,85,42.5,-79.7851,43.4371,41.5728,41.5728
308,7,42.5,85,-79.7851,43.4371,41.5728,41.5728
408,2,42.5,0,-79.1404,41.2905,41.2723,41.2723
408,5,0,42.5,-79.1404,41.2905,41.2723,41.2723
408,4,85,42.5,-79.8771,43.7449,41.2723,41.2723
408,7,42.5,85,-79.8771,43.7449,41.2723,41.2723
508,2,42.5,0,-79.0485,41.0003,40.9718,40.9718
508,5,0,42.5,-79.0485,41.0003,40.9718,40.9718
508,4,85,42.5,-79.9691,44.0548,40.9718,40.9718
508,7,42.5,85,-79.9691,44.0548,40.9718,40.9718
608,2,42.5,0,-78.9567,40.7123,40.6712,40.6712
608,5,0,42.5,-78.9567,40.7123,40.6712,40.6712
608,4,85,42.5,-80.061,44.3665,40.6712,40.6712
608,7,42.5,85,-80.061,44.3665,40.6712,40.6712
708,2,42.5,0,-78.865,40.4268,40.3707,40.3707
708,5,0,42.5,-78.865,40.4268,40.3707,40.3707
708,4,85,42.5,-80.1527,44.68,40.3707,40.3707
708,7,42.5,85,-80.1527,44.68,40.3707,40.3707
808,2,42.5,0,-78.7734,40.1438,40.0702,40.0702
808,5,0,42.5,-78.7734,40.1438,40.0702,40.0702
808,4,85,42.5,-80.2444,44.9955,40.0702,40.0702
808,7,42.5,85,-80.2444,44.9955,40.0702,40.0702
908,2,42.5,0,-78.682,39.8633,39.7697,39.7697
908,5,0,42.5,-78.682,39.8633,39.7697,39.7697
908,4,85,42.5,-80.3359,45.3127,39.7697,39.7697
908,7,42.5,85,-80.3359,45.3127,39.7697,39.7697
1008,2,42.5,0,-78.5909,39.5854,39.4692,39.4692
1008,5,0,42.5,-78.5909,39.5854,39.4692,39.4692
1008,4,85,42.5,-80.4273,45.6316,39.4692,39.4692
1008,7,42.5,85,-80.4273,45.6316,39.4692,39.4692
1108,2,42.5,0,-78.4999,39.3101,39.1686,39.1686
1108,5,0,42.5,-78.4999,39.3101,39.1686,39.1686
1108,4,85,42.5,-80.5186,45.9523,39.1686,39.1686
1108,7,42.5,85,-80.5186,45.9523,39.1686,39.1686
1208,2,42.5,0,-78.4092,39.0374,38.8681,38.8681
1208,5,0,42.5,-78.4092,39.0374,38.8681,38.8681
1208,4,85,42.5,-80.6097,46.2746,38.8681,38.8681
1208,7,42.5,85,-80.6097,46.2746,38.8681,38.8681
1308,2,42.5,0,-78.3188,38.7676,38.5676,38.5676
1308,5,0,42.5,-78.3188,38.7676,38.5676,38.5676
1308,4,85,42.5,-80.7006,46.5986,38.5676,38.5676
1308,7,42.5,85,-80.7006,46.5986,38.5676,38.5676
1408,2,42.5,0,-78.2287,38.5005,38.2671,38.2671
1408,5,0,42.5,-78.2287,38.5005,38.2671,38.2671
1408,4,85,42.5,-80.7913,46.9242,38.2671,38.2671
1408,7,42.5,85,-80.7913,46.9242,38.2671,38.2671
1508,2,42.5,0,-78.139,38.2363,37.9666,37.9666
1508,5,0,42.5,-78.139,38.2363,37.9666,37.9666
1508,4,85,42.5,-80.8819,47.2514,37.9666,37.9666
1508,7,42.5,85,-80.8819,47.2514,37.9666,37.9666
1608,2,42.5,0,-78.0496,37.975,37.666,37.666
1608,5,0,42.5,-78.0496,37.975,37.666,37.666
1608,4,85,42.5,-80.9722,47.5802,37.666,37.666
1608,7,42.5,85,-80.9722,47.5802,37.666,37.666
1708,2,42.5,0,-77.9606,37.7166,37.3655,37.3655
1708,5,0,42.5,-77.9606,37.7166,37.3655,37.3655
1708,4,85,42.5,-81.0624,47.9104,37.3655,37.3655
1708,7,42.5,85,-81.0624,47.9104,37.3655,37.3655
1808,2,42.5,0,-77.8721,37.4614,37.065,37.065
1808,5,0,42.5,-77.8721,37.4614,37.065,37.065
1808,4,85,42.5,-81.1523,48.2421,37.065,37.065
1808,7,42.5,85,-81.1523,48.2421,37.065,37.065
1908,2,42.5,0,-77.784,37.2092,36.7645,36.7645
1908,5,0,42.5,-77.784,37.2092,36.7645,36.7645
1908,4,85,42.5,-81.242,48.5753,36.7645,36.7645
1908,7,42.5,85,-81.242,48.5753,36.7645,36.7645
2008,2,42.5,0,-77.6965,36.9602,36.464,36.464
2008,5,0,42.5,-77.6965,36.9602,36.464,36.464
2008,4,85,42.5,-81.3314,48.9099,36.464,36.464
2008,7,42.5,85,-81.3314,48.9099,36.464,36.464
2108,2,42.5,0,-77.6095,36.7144,36.1634,36.1634
2108,5,0,42.5,-77.6095,36.7144,36.1634,36.1634
2108,4,85,42.5,-81.4207,49.2459,36.1634,36.1634
2108,7,42.5,85,-81.4207,49.2459,36.1634,36.1634
2108,1,0,0,-81.9298,51.1428,36.1634,36.1634
2208,2,42.5,0,-77.5231,36.4719,35.8629,35.8629
2208,5,0,42.5,-77.5231,36.4719,35.8629,35.8629
2208,4,85,42.5,-81.5096,49.5833,35.8629,35.8629
2208,7,42.5,85,-81.5096,49.5833,35.8629,35.8629
2208,1,0,0,-81.8212,50.7178,35.8629,35.8629
2308,2,42.5,0,-77.4374,36.2328,35.5624,35.5624
2308,5,0,42.5,-77.4374,36.2328,35.5624,35.5624
2308,4,85,42.5,-81.5983,49.922,35.5624,35.5624
2308,7,42.5,85,-81.5983,49.922,35.5624,35.5624
2308,1,0,0,-81.7116,50.2928,35.5624,35.5624
2408,2,42.5,0,-77.3523,35.9971,35.2619,35.2619
2408,5,0,42.5,-77.3523,35.9971,35.2619,35.2619
2408,1,0,0,-81.6011,49.8678,35.2619,35.2619
2408,4,85,42.5,-81.6868,50.262,35.2619,35.2619
2408,7,42.5,85,-81.6868,50.262,35.2619,35.2619
2508,2,42.5,0,-77.2679,35.7649,34.9614,34.9614
2508,5,0,42.5,-77.2679,35.7649,34.9614,34.9614
2508,1,0,0,-81.4897,49.4428,34.9614,34.9614
2508,4,85,42.5,-81.775,50.6033,34.9614,34.9614
2508,7,42.5,85,-81.775,50.6033,34.9614,34.9614
2608,2,42.5,0,-77.1843,35.5363,34.6608,34.6608
2608,5,0,42.5,-77.1843,35.5363,34.6608,34.6608
2608,1,0,0,-81.3773,49.0178,34.6608,34.6608
2608,4,85,42.5,-81.8629,50.9459,34.6608,34.6608
2608,7,42.5,85,-81.8629,50.9459,34.6608,34.6608
2708,2,42.5,0,-77.1015,35.3113,34.3603,34.3603
2708,5,0,42.5,-77.1015,35.3113,34.3603,34.3603
2708,1,0,0,-81.2639,48.5928,34.3603,34.3603
2708,4,85,42.5,-81.9506,51.2897,34.3603,34.3603
2708,7,42.5,85,-81.9506,51.2897,34.3603,34.3603
2808,2,42.5,0,-77.0195,35.09,34.0598,34.0598
2808,5,0,42.5,-77.0195,35.09,34.0598,34.0598
2808,1,0,0,-81.1496,48.1678,34.0598,34.0598
2908,2,42.5,0,-76.9384,34.8725,33.7593,33.7593
2908,5,0,42.5,-76.9384,34.8725,33.7593,33.7593
2908,1,0,0,-81.0342,47.7428,33.7593,33.7593
3008,2,42.5,0,-76.8583,34.6588,33.4588,33.4588
3008,5,0,42.5,-76.8583,34.6588,33.4588,33.4588
3008,1,0,0,-80.9178,47.3178,33.4588,33.4588
3108,2,42.5,0,-76.7791,34.4491,33.1582,33.1582
3108,5,0,42.5,-76.7791,34.4491,33.1582,33.1582
3108,1,0,0,-80.8003,46.8928,33.1582,33.1582
3208,2,42.5,0,-76.7009,34.2433,32.8577,32.8577
3208,5,0,42.5,-76.7009,34.2433,32.8577,32.8577
3208,1,0,0,-80.6818,46.4678,32.8577,32.8577
3308,2,42.5,0,-76.6239,34.0416,32.5572,32.5572
3308,5,0,42.5,-76.6239,34.0416,32.5572,32.5572
3308,1,0,0,-80.5622,46.0428,32.5572,32.5572
3408,2,42.5,0,-76.5479,33.844,32.2567,32.2567
3408,5,0,42.5,-76.5479,33.844,32.2567,32.2567
3408,1,0,0,-80.4414,45.6178,32.2567,32.2567
3508,2,42.5,0,-76.4732,33.6507,31.9562,31.9562
3508,5,0,42.5,-76.4732,33.6507,31.9562,31.9562
3508,1,0,0,-80.3196,45.1928,31.9562,31.9562
3608,2,42.5,0,-76.3997,33.4616,31.6556,31.6556
3608,5,0,42.5,-76.3997,33.4616,31.6556,31.6556
3608,1,0,0,-80.1966,44.7678,31.6556,31.6556
3708,2,42.5,0,-76.3274,33.2769,31.3551,31.3551
3708,5,0,42.5,-76.3274,33.2769,31.3551,31.3551
3708,1,0,0,-80.0724,44.3428,31.3551,31.3551
3808,2,42.5,0,-76.2566,33.0966,31.0546,31.0546
3808,5,0,42.5,-76.2566,33.0966,31.0546,31.0546
3808,1,0,0,-79.947,43.9178,31.0546,31.0546
3908,2,42.5,0,-76.187,32.9208,30.7541,30.7541
3908,5,0,42.5,-76.187,32.9208,30.7541,30.7541
3908,1,0,0,-79.8204,43.4928,30.7541,30.7541
4008,2,42.5,0,-76.119,32.7496,30.4536,30.4536
4008,5,0,42.5,-76.119,32.7496,30.4536,30.4536
4008,1,0,0,-79.6926,43.0678,30.4535,30.4535
4108,2,42.5,0,-76.0524,32.583,30.153,30.153
4108,5,0,42.5,-76.0524,32.583,30.153,30.153
4108,1,0,0,-79.5635,42.6428,30.153,30.153
4208,2,42.5,0,-75.9874,32.4212,29.8525,29.8525
4208,5,0,42.5,-75.9874,32.4212,29.8525,29.8525
4208,1,0,0,-79.4331,42.2178,29.8525,29.8525
4308,2,42.5,0,-75.924,32.2641,29.552,29.552
4308,5,0,42.5,-75.924,32.2641,29.552,29.552
4308,1,0,0,-79.3014,41.7928,29.552,29.552
4408,2,42.5,0,-75.8622,32.1119,29.2515,29.2515
4408,5,0,42.5,-75.8622,32.1119,29.2515,29.2515
4408,1,0,0,-79.1683,41.3678,29.2515,29.2515
4508,2,42.5,0,-75.8022,31.9646,28.9509,28.9509
4508,5,0,42.5,-75.8022,31.9646,28.9509,28.9509
4508,1,0,0,-79.0339,40.9428,28.9509,28.9509
4608,2,42.5,0,-75.7439,31.8223,28.6504,28.6504
4608,5,0,42.5,-75.7439,31.8223,28.6504,28.6504
4608,1,0,0,-78.8981,40.5178,28.6504,28.6504
4708,2,42.5,0,-75.6874,31.685,28.3499,28.3499
4708,5,0,42.5,-75.6874,31.685,28.3499,28.3499
4708,1,0,0,-78.7608,40.0928,28.3499,28.3499
4808,2,42.5,0,-75.6328,31.5529,28.0494,28.0494
4808,5,0,42.5,-75.6328,31.5529,28.0494,28.0494
4808,1,0,0,-78.6221,39.6678,28.0494,28.0494
4908,2,42.5,0,-75.5802,31.426,27.7489,27.7489
4908,5,0,42.5,-75.5802,31.426,27.7489,27.7489
4908,1,0,0,-78.4819,39.2428,27.7489,27.7489
5008,2,42.5,0,-75.5295,31.3044,27.4483,27.4483
5008,5,0,42.5,-75.5295,31.3044,27.4483,27.4483
5008,1,0,0,-78.3401,38.8178,27.4483,27.4483
5108,2,42.5,0,-75.4808,31.188,27.1478,27.1478
5108,5,0,42.5,-75.4808,31.188,27.1478,27.1478
5108,1,0,0,-78.1968,38.3928,27.1478,27.1478
5208,2,42.5,0,-75.4342,31.0771,26.8473,26.8473
5208,5,0,42.5,-75.4342,31.0771,26.8473,26.8473
5208,1,0,0,-78.0519,37.9678,26.8473,26.8473
5308,2,42.5,0,-75.3897,30.9715,26.5468,26.5468
5308,5,0,42.5,-75.3897,30.9715,26.5468,26.5468
5308,1,0,0,-77.9054,37.5428,26.5468,26.5468
5408,2,42.5,0,-75.3473,30.8715,26.2463,26.2463
5408,5,0,42.5,-75.3473,30.8715,26.2463,26.2463
5408,1,0,0,-77.7572,37.1178,26.2463,26.2463
5508,2,42.5,0,-75.3072,30.777,25.9457,25.9457
5508,5,0,42.5,-75.3072,30.777,25.9457,25.9457
5508,1,0,0,-77.6073,36.6928,25.9457,25.9457
5608,2,42.5,0,-75.2693,30.6881,25.6452,25.6452
5608,5,0,42.5,-75.2693,30.6881,25.6452,25.6452
5608,1,0,0,-77.4557,36.2678,25.6452,25.6452
5708,2,42.5,0,-75.2337,30.6049,25.3447,25.3447
5708,5,0,42.5,-75.2337,30.6049,25.3447,25.3447
5708,1,0,0,-77.3023,35.8428,25.3447,25.3447
5808,2,42.5,0,-75.2005,30.5273,25.0442,25.0442
5808,5,0,42.5,-75.2005,30.5273,25.0442,25.0442
5808,1,0,0,-77.147,35.4178,25.0442,25.0442
5908,2,42.5,0,-75.1696,30.4555,24.7437,24.7437
5908,5,0,42.5,-75.1696,30.4555,24.7437,24.7437
5908,1,0,0,-76.9899,34.9928,24.7437,24.7437
6008,2,42.5,0,-75.1411,30.3894,24.4431,24.4431
6008,5,0,42.5,-75.1411,30.3894,24.4431,24.4431
6008,1,0,0,-76.8308,34.5678,24.4431,24.4431
6108,2,42.5,0,-75.115,30.3292,24.1426,24.1426
6108,5,0,42.5,-75.115,30.3292,24.1426,24.1426
6108,1,0,0,-76.6698,34.1428,24.1426,24.1426
6208,2,42.5,0,-75.0914,30.2748,23.8421,23.8421
6208,5,0,42.5,-75.0914,30.2748,23.8421,23.8421
6208,1,0,0,-76.5068,33.7178,23.8421,23.8421
6308,2,42.5,0,-75.0703,30.2263,23.5416,23.5416
6308,5,0,42.5,-75.0703,30.2263,23.5416,23.5416
6308,1,0,0,-76.3417,33.2928,23.5416,23.5416
6408,2,42.5,0,-75.0517,30.1837,23.2411,23.2411
6408,5,0,42.5,-75.0517,30.1837,23.2411,23.2411
6408,1,0,0,-76.1745,32.8678,23.2411,23.2411
6508,2,42.5,0,-75.0357,30.147,22.9405,22.9405
6508,5,0,42.5,-75.0357,30.147,22.9405,22.9405
6508,1,0,0,-76.0051,32.4428,22.9405,22.9405
6608,2,42.5,0,-75.0222,30.1163,22.64,22.64
6608,5,0,42.5,-75.0222,30.1163,22.64,22.64
6608,1,0,0,-75.8335,32.0178,22.64,22.64
6708,2,42.5,0,-75.0112,30.0915,22.3395,22.3395
6708,5,0,42.5,-75.0112,30.0915,22.3395,22.3395
6708,1,0,0,-75.6596,31.5928,22.3395,22.3395
6808,2,42.5,0,-75.0029,30.0727,22.039,22.039
6808,5,0,42.5,-75.0029,30.0727,22.039,22.039
6808,1,0,0,-75.4834,31.1678,22.039,22.039
6908,2,42.5,0,-74.9971,30.06,21.7385,21.7385
6908,5,0,42.5,-74.9971,30.06,21.7385,21.7385
6908,1,0,0,-75.3047,30.7428,21.7385,21.7385
7008,2,42.5,0,-74.994,30.0532,21.4379,21.4379
7008,5,0,42.5,-74.994,30.0532,21.4379,21.4379
7008,1,0,0,-75.1235,30.3178,21.4379,21.4379
7108,1,0,0,-74.9398,29.8928,21.1374,21.1374
7108,2,42.5,0,-74.9934,30.0525,21.1374,21.1374
7108,5,0,42.5,-74.9934,30.0525,21.1374,21.1374
7208,1,0,0,-74.7535,29.4678,20.8369,20.8369
7208,2,42.5,0,-74.9955,30.0577,20.8369,20.8369
7208,5,0,42.5,-74.9955,30.0577,20.8369,20.8369
7308,1,0,0,-74.5644,29.0428,20.5364,20.5364
7308,2,42.5,0,-75.0001,30.069,20.5364,20.5364
7308,5,0,42.5,-75.0001,30.069,20.5364,20.5364
7408,1,0,0,-74.3726,28.6178,20.2359,20.2359
7408,2,42.5,0,-75.0074,30.0862,20.2359,20.2359
7408,5,0,42.5,-75.0074,30.0862,20.2359,20.2359
7508,1,0,0,-74.1779,28.1928,19.9353,19.9353
7508,2,42.5,0,-75.0173,30.1095,19.9353,19.9353
7508,5,0,42.5,-75.0173,30.1095,19.9353,19.9353
7608,1,0,0,-73.9803,27.7678,19.6348,19.6348
7608,2,42.5,0,-75.0297,30.1387,19.6348,19.6348
7608,5,0,42.5,-75.0297,30.1387,19.6348,19.6348
7708,1,0,0,-73.7796,27.3428,19.3343,19.3343
7708,2,42.5,0,-75.0447,30.1739,19.3343,19.3343
7708,5,0,42.5,-75.0447,30.1739,19.3343,19.3343
7808,1,0,0,-73.5757,26.9178,19.0338,19.0338
7808,2,42.5,0,-75.0622,30.215,19.0338,19.0338
7808,5,0,42.5,-75.0622,30.215,19.0338,19.0338
7908,1,0,0,-73.3687,26.4928,18.7333,18.7333
7908,2,42.5,0,-75.0822,30.2621,18.7333,18.7333
7908,5,0,42.5,-75.0822,30.2621,18.7333,18.7333
8008,1,0,0,-73.1582,26.0678,18.4327,18.4327
8008,2,42.5,0,-75.1048,30.315,18.4327,18.4327
8008,5,0,42.5,-75.1048,30.315,18.4327,18.4327
8108,1,0,0,-72.9444,25.6428,18.1322,18.1322
8108,2,42.5,0,-75.1298,30.3738,18.1322,18.1322
8108,5,0,42.5,-75.1298,30.3738,18.1322,18.1322
8208,1,0,0,-72.7269,25.2178,17.8317,17.8317
8208,2,42.5,0,-75.1573,30.4384,17.8317,17.8317
8208,5,0,42.5,-75.1573,30.4384,17.8317,17.8317
8308,1,0,0,-72.5058,24.7928,17.5312,17.5312
8308,2,42.5,0,-75.1872,30.5088,17.5312,17.5312
8308,5,0,42.5,-75.1872,30.5088,17.5312,17.5312
8408,1,0,0,-72.2809,24.3678,17.2307,17.2307
8408,2,42.5,0,-75.2195,30.5849,17.2307,17.2307
8408,5,0,42.5,-75.2195,30.5849,17.2307,17.2307
8508,1,0,0,-72.052,23.9428,16.9301,16.9301
8508,2,42.5,0,-75.2541,30.6667,16.9301,16.9301
8508,5,0,42.5,-75.2541,30.6667,16.9301,16.9301
8608,1,0,0,-71.819,23.5178,16.6296,16.6296
8608,2,42.5,0,-75.291,30.7542,16.6296,16.6296
8608,5,0,42.5,-75.291,30.7542,16.6296,16.6296
8708,1,0,0,-71.5817,23.0928,16.3291,16.3291
8708,2,42.5,0,-75.3302,30.8473,16.3291,16.3291
8708,5,0,42.5,-75.3302,30.8473,16.3291,16.3291
8808,1,0,0,-71.3401,22.6678,16.0286,16.0286
8808,2,42.5,0,-75.3716,30.9459,16.0286,16.0286
8808,5,0,42.5,-75.3716,30.9459,16.0286,16.0286
8908,1,0,0,-71.0939,22.2428,15.7281,15.7281
8908,2,42.5,0,-75.4152,31.0501,15.7281,15.7281
8908,5,0,42.5,-75.4152,31.0501,15.7281,15.7281
9008,1,0,0,-70.8429,21.8178,15.4275,15.4275
9008,2,42.5,0,-75.4609,31.1597,15.4275,15.4275
9008,5,0,42.5,-75.4609,31.1597,15.4275,15.4275
9108,1,0,0,-70.5871,21.3928,15.127,15.127
9108,2,42.5,0,-75.5087,31.2747,15.127,15.127
9108,5,0,42.5,-75.5087,31.2747,15.127,15.127
9208,1,0,0,-70.3261,20.9678,14.8265,14.8265
9208,2,42.5,0,-75.5586,31.395,14.8265,14.8265
9208,5,0,42.5,-75.5586,31.395,14.8265,14.8265
9308,1,0,0,-70.0597,20.5428,14.526,14.526
9308,2,42.5,0,-75.6105,31.5206,14.526,14.526
9308,5,0,42.5,-75.6105,31.5206,14.526,14.526
9408,1,0,0,-69.7878,20.1178,14.2254,14.2254
9408,2,42.5,0,-75.6643,31.6514,14.2254,14.2254
9408,5,0,42.5,-75.6643,31.6514,14.2254,14.2254
9508,1,0,0,-69.5102,19.6928,13.9249,13.9249
9508,2,42.5,0,-75.7199,31.7874,13.9249,13.9249
9508,5,0,42.5,-75.7199,31.7874,13.9249,13.9249
9608,1,0,0,-69.2264,19.2678,13.6244,13.6244
9608,2,42.5,0,-75.7775,31.9284,13.6244,13.6244
9608,5,0,42.5,-75.7775,31.9284,13.6244,13.6244
9708,1,0,0,-68.9364,18.8428,13.3239,13.3239
9708,2,42.5,0,-75.8368,32.0745,13.3239,13.3239
9708,5,0,42.5,-75.8368,32.0745,13.3239,13.3239
9808,1,0,0,-68.6397,18.4178,13.0234,13.0234
9808,2,42.5,0,-75.8978,32.2255,13.0234,13.0234
9808,5,0,42.5,-75.8978,32.2255,13.0234,13.0234
9908,1,0,0,-68.3362,17.9928,12.7228,12.7228
9908,2,42.5,0,-75.9605,32.3813,12.7228,12.7228
9908,5,0,42.5,-75.9605,32.3813,12.7228,12.7228
10008,1,0,0,-68.0253,17.5678,12.4223,12.4223
10008,2,42.5,0,-76.0249,32.542,12.4223,12.4223
10008,5,0,42.5,-76.0249,32.542,12.4223,12.4223
10108,1,0,0,-67.7069,17.1428,12.1218,12.1218
10108,2,42.5,0,-76.0908,32.7074,12.1218,12.1218
10108,5,0,42.5,-76.0908,32.7074,12.1218,12.1218
10208,1,0,0,-67.3805,16.7178,11.8213,11.8213
10208,2,42.5,0,-76.1583,32.8774,11.8213,11.8213
10208,5,0,42.5,-76.1583,32.8774,11.8213,11.8213
10308,1,0,0,-67.0458,16.2928,11.5208,11.5208
10308,2,42.5,0,-76.2272,33.0521,11.5208,11.5208
10308,5,0,42.5,-76.2272,33.0521,11.5208,11.5208
10408,1,0,0,-66.7022,15.8678,11.2202,11.2202
10408,2,42.5,0,-76.2975,33.2313,11.2202,11.2202
10408,5,0,42.5,-76.2975,33.2313,11.2202,11.2202
10508,1,0,0,-66.3493,15.4428,10.9197,10.9197
10508,2,42.5,0,-76.3692,33.4149,10.9197,10.9197
10508,5,0,42.5,-76.3692,33.4149,10.9197,10.9197
10608,1,0,0,-65.9865,15.0178,10.6192,10.6192
10608,2,42.5,0,-76.4421,33.6029,10.6192,10.6192
10608,5,0,42.5,-76.4421,33.6029,10.6192,10.6192
10708,1,0,0,-65.6134,14.5928,10.3187,10.3187
10708,2,42.5,0,-76.5164,33.7952,10.3187,10.3187
10708,5,0,42.5,-76.5164,33.7952,10.3187,10.3187
10808,1,0,0,-65.2293,14.1678,10.0182,10.0182
10808,2,42.5,0,-76.5918,33.9917,10.0182,10.0182
10808,5,0,42.5,-76.5918,33.9917,10.0182,10.0182
10908,1,0,0,-64.8335,13.7428,9.71764,9.71764
10908,2,42.5,0,-76.6684,34.1923,9.71764,9.71764
10908,5,0,42.5,-76.6684,34.1923,9.71764,9.71764
11008,1,0,0,-64.4253,13.3178,9.41712,9.41712
11008,2,42.5,0,-76.7461,34.3971,9.41712,9.41712
11008,5,0,42.5,-76.7461,34.3971,9.41712,9.41712
11108,1,0,0,-64.0039,12.8928,9.1166,9.1166
11108,2,42.5,0,-76.8249,34.6058,9.1166,9.1166
11108,5,0,42.5,-76.8249,34.6058,9.1166,9.1166
11208,1,0,0,-63.5684,12.4678,8.81608,8.81608
11208,2,42.5,0,-76.9046,34.8185,8.81608,8.81608
11208,5,0,42.5,-76.9046,34.8185,8.81608,8.81608
11308,1,0,0,-63.1179,12.0428,8.51556,8.51556
11308,2,42.5,0,-76.9853,35.0351,8.51556,8.51556
11308,5,0,42.5,-76.9853,35.0351,8.51556,8.51556
11408,1,0,0,-63.0551,12.0208,8.5,8.5
11408,2,42.5,0,-76.9964,35.0464,8.5,8.5
11408,5,0,42.5,-76.9964,35.0464,8.5,8.5
11508,1,0,0,-63.0551,12.0208,8.5,8.5
11508,2,42.5,0,-76.9964,35.0464,8.5,8.5
11508,5,0,42.5,-76.9964,35.0464,8.5,8.5
11608,1,0,0,-63.0551,12.0208,8.5,8.5
11608,2,42.5,0,-76.9964,35.0464,8.5,8.5
11608,5,0,42.5,-76.9964,35.0464,8.5,8.5
11708,1,0,0,-63.0551,12.0208,8.5,8.5
11708,2,42.5,0,-76.9964,35.0464,8.5,8.5
11708,5,0,42.5,-76.9964,35.0464,8.5,8.5
11808,1,0,0,-63.0551,12.0208,8.5,8.5
11808,2,42.5,0,-76.9964,35.0464,8.5,8.5
11808,5,0,42.5,-76.9964,35.0464,8.5,8.5
11908,1,0,0,-63.0551,12.0208,8.5,8.5
11908,2,42.5,0,-76.9964,35.0464,8.5,8.5
11908,5,0,42.5,-76.9964,35.0464,8.5,8.5
12008,1,0,0,-63.0553,12.0465,8.53625,8.5
12008,2,42.5,0,-76.9963,35.0112,8.53625,8.5
12008,5,0,42.5,-76.9964,35.0552,8.53625,8.5
12108,1,0,0,-63.3809,12.3513,8.96125,8.5
12108,2,42.5,0,-76.8422,34.5991,8.96125,8.5
12108,5,0,42.5,-77.0356,35.1611,8.96125,8.5
12208,1,0,0,-63.7057,12.663,9.38625,8.5
12208,2,42.5,0,-76.6863,34.1873,9.38625,8.5
12208,5,0,42.5,-77.0764,35.2718,9.38625,8.5
12308,1,0,0,-64.0292,12.9812,9.81125,8.5
12308,2,42.5,0,-76.5287,33.7758,9.81125,8.5
12308,5,0,42.5,-77.1188,35.3873,9.81125,8.5
12408,1,0,0,-64.3507,13.3053,10.2363,8.5
12408,2,42.5,0,-76.3693,33.3646,10.2363,8.5
12408,5,0,42.5,-77.1629,35.5075,10.2363,8.5
12508,1,0,0,-64.6698,13.635,10.6613,8.5
12508,2,42.5,0,-76.208,32.9538,10.6613,8.5
12508,5,0,42.5,-77.2085,35.6323,10.6613,8.5
12608,1,0,0,-64.9861,13.9698,11.0863,8.5
12608,2,42.5,0,-76.0449,32.5434,11.0863,8.5
12608,5,0,42.5,-77.2556,35.7618,11.0863,8.5
12708,1,0,0,-65.2993,14.3094,11.5113,8.5
12708,2,42.5,0,-75.8799,32.1334,11.5113,8.5
12708,5,0,42.5,-77.3042,35.8958,11.5113,8.5
12808,1,0,0,-65.6092,14.6535,11.9363,8.5
12808,2,42.5,0,-75.7129,31.7237,11.9363,8.5
12808,5,0,42.5,-77.3543,36.0343,11.9363,8.5
12908,1,0,0,-65.9155,15.0017,12.3613,8.5
12908,2,42.5,0,-75.5439,31.3144,12.3613,8.5
12908,5,0,42.5,-77.4058,36.1773,12.3613,8.5
13008,1,0,0,-66.2181,15.3538,12.7863,8.5
13008,2,42.5,0,-75.3728,30.9056,12.7863,8.5
13008,5,0,42.5,-77.4586,36.3248,12.7863,8.5
13108,1,0,0,-66.5168,15.7095,13.2113,8.5
13108,2,42.5,0,-75.1997,30.4972,13.2113,8.5
13108,5,0,42.5,-77.5128,36.4765,13.2113,8.5
13208,1,0,0,-66.8116,16.0685,13.6363,8.5
13208,2,42.5,0,-75.0244,30.0893,13.6363,8.5
13208,5,0,42.5,-77.5684,36.6326,13.6363,8.5
13308,1,0,0,-67.1023,16.4307,14.0613,8.5
13308,2,42.5,0,-74.847,29.6819,14.0613,8.5
13308,5,0,42.5,-77.6252,36.7929,14.0613,8.5
13408,1,0,0,-67.3891,16.7959,14.4863,8.5
13408,2,42.5,0,-74.6673,29.2749,14.4863,8.5
13408,5,0,42.5,-77.6832,36.9574,14.4863,8.5
13508,1,0,0,-67.6717,17.1638,14.9113,8.5
13508,2,42.5,0,-74.4854,28.8685,14.9113,8.5
13508,5,0,42.5,-77.7424,37.1261,14.9113,8.5
13608,1,0,0,-67.9503,17.5343,15.3363,8.5
13608,2,42.5,0,-74.3011,28.4626,15.3363,8.5
13608,5,0,42.5,-77.8028,37.2988,15.3363,8.5
13708,1,0,0,-68.2248,17.9072,15.7613,8.5
13708,2,42.5,0,-74.1144,28.0573,15.7613,8.5
13708,5,0,42.5,-77.8643,37.4756,15.7613,8.5
13808,1,0,0,-68.4953,18.2824,16.1863,8.5
13808,2,42.5,0,-73.9253,27.6525,16.1863,8.5
13808,5,0,42.5,-77.9269,37.6563,16.1863,8.5
13908,1,0,0,-68.7618,18.6597,16.6113,8.5
13908,2,42.5,0,-73.7337,27.2484,16.6113,8.5
13908,5,0,42.5,-77.9905,37.8409,16.6113,8.5
14008,1,0,0,-69.0243,19.039,17.0363,8.5
14008,2,42.5,0,-73.5396,26.845,17.0363,8.5
14008,5,0,42.5,-78.0552,38.0294,17.0363,8.5
14108,1,0,0,-69.283,19.4202,17.4613,8.5
14108,2,42.5,0,-73.3428,26.4422,17.4613,8.5
14108,5,0,42.5,-78.1208,38.2217,17.4613,8.5
14208,1,0,0,-69.5378,19.8032,17.8863,8.5
14208,2,42.5,0,-73.1434,26.0401,17.8863,8.5
14208,5,0,42.5,-78.1873,38.4177,17.8863,8.5
14308,1,0,0,-69.7887,20.1879,18.3113,8.5
14308,2,42.5,0,-72.9413,25.6387,18.3113,8.5
14308,5,0,42.5,-78.2548,38.6174,18.3113,8.5
14408,1,0,0,-70.036,20.5742,18.7363,8.5
14408,2,42.5,0,-72.7363,25.2382,18.7363,8.5
14408,5,0,42.5,-78.3232,38.8207,18.7363,8.5
14508,1,0,0,-70.2796,20.962,19.1613,8.5
14508,2,42.5,0,-72.5286,24.8384,19.1613,8.5
14508,5,0,42.5,-78.3924,39.0276,19.1613,8.5
14608,1,0,0,-70.5195,21.3511,19.5863,8.5
14608,2,42.5,0,-72.3179,24.4395,19.5863,8.5
14608,5,0,42.5,-78.4623,39.238,19.5863,8.5
14708,1,0,0,-70.756,21.7417,20.0113,8.5
14708,2,42.5,0,-72.1042,24.0415,20.0113,8.5
14708,5,0,42.5,-78.5331,39.4519,20.0113,8.5
14808,1,0,0,-70.989,22.1335,20.4363,8.5
14808,2,42.5,0,-71.8875,23.6444,20.4363,8.5
14808,5,0,42.5,-78.6046,39.6691,20.4363,8.5
14908,1,0,0,-71.2186,22.5265,20.8613,8.5
14908,2,42.5,0,-71.6676,23.2483,20.8613,8.5
14908,5,0,42.5,-78.6768,39.8897,20.8613,8.5
15008,1,0,0,-71.4449,22.9206,21.2863,8.5
15008,2,42.5,0,-71.4446,22.8533,21.2863,8.5
15008,5,0,42.5,-78.7497,40.1136,21.2863,8.5
15108,2,42.5,0,-71.2184,22.4593,21.7113,8.5
15108,1,0,0,-71.6679,23.3158,21.7113,8.5
15108,5,0,42.5,-78.8232,40.3408,21.7113,8.5
15208,2,42.5,0,-70.9888,22.0665,22.1363,8.5
15208,1,0,0,-71.8877,23.7121,22.1363,8.5
15208,5,0,42.5,-78.8973,40.5711,22.1363,8.5
15308,2,42.5,0,-70.7558,21.675,22.5613,8.5
15308,1,0,0,-72.1044,24.1093,22.5613,8.5
15308,5,0,42.5,-78.972,40.8045,22.5613,8.5
15408,2,42.5,0,-70.5193,21.2847,22.9863,8.5
15408,1,0,0,-72.3181,24.5075,22.9863,8.5
15408,5,0,42.5,-79.0472,41.0411,22.9863,8.5
15508,2,42.5,0,-70.2793,20.8957,23.4113,8.5
15508,1,0,0,-72.5288,24.9066,23.4113,8.5
15508,5,0,42.5,-79.123,41.2806,23.4113,8.5
15608,2,42.5,0,-70.0357,20.5082,23.8363,8.5
15608,1,0,0,-72.7366,25.3065,23.8363,8.5
15608,5,0,42.5,-79.1993,41.5231,23.8363,8.5
15708,2,42.5,0,-69.7885,20.1222,24.2613,8.5
15708,1,0,0,-72.9415,25.7072,24.2613,8.5
15708,5,0,42.5,-79.276,41.7685,24.2613,8.5
15808,2,42.5,0,-69.5375,19.7378,24.6863,8.5
15808,1,0,0,-73.1436,26.1086,24.6863,8.5
15808,5,0,42.5,-79.3532,42.0168,24.6863,8.5
15908,2,42.5,0,-69.2827,19.3551,25.1113,8.5
15908,1,0,0,-73.343,26.5108,25.1113,8.5
15908,5,0,42.5,-79.4308,42.2679,25.1113,8.5
16008,2,42.5,0,-69.0241,18.9742,25.5363,8.5
16008,1,0,0,-73.5398,26.9138,25.5363,8.5
16008,5,0,42.5,-79.5088,42.5218,25.5363,8.5
16108,2,42.5,0,-68.7615,18.5952,25.9613,8.5
16108,1,0,0,-73.7339,27.3173,25.9613,8.5
16108,5,0,42.5,-79.5872,42.7783,25.9613,8.5
16208,2,42.5,0,-68.495,18.2182,26.3863,8.5
16208,1,0,0,-73.9255,27.7216,26.3863,8.5
16208,5,0,42.5,-79.6659,43.0376,26.3863,8.5
16308,2,42.5,0,-68.2245,17.8434,26.8113,8.5
16308,1,0,0,-74.1146,28.1264,26.8113,8.5
16308,5,0,42.5,-79.7449,43.2995,26.8113,8.5
16408,2,42.5,0,-67.95,17.4709,27.2363,8.5
16408,1,0,0,-74.3013,28.5318,27.2363,8.5
16408,5,0,42.5,-79.8242,43.5639,27.2363,8.5
16508,2,42.5,0,-67.6714,17.1008,27.6613,8.5
16508,1,0,0,-74.4855,28.9378,27.6613,8.5
16508,5,0,42.5,-79.9037,43.8309,27.6613,8.5
16608,2,42.5,0,-67.3888,16.7334,28.0863,8.5
16608,1,0,0,-74.6675,29.3443,28.0863,8.5
16608,5,0,42.5,-79.9836,44.1003,28.0863,8.5
16708,2,42.5,0,-67.102,16.3687,28.5113,8.5
16708,1,0,0,-74.8472,29.7513,28.5113,8.5
16708,5,0,42.5,-80.0636,44.3722,28.5113,8.5
16808,2,42.5,0,-66.8113,16.007,28.9363,8.5
16808,1,0,0,-75.0246,30.1589,28.9363,8.5
16808,5,0,42.5,-80.1439,44.6465,28.9363,8.5
16908,2,42.5,0,-66.5165,15.6485,29.3613,8.5
16908,1,0,0,-75.1999,30.5669,29.3613,8.5
16908,5,0,42.5,-80.2244,44.9231,29.3613,8.5
17008,2,42.5,0,-66.2178,15.2934,29.7863,8.5
17008,1,0,0,-75.373,30.9753,29.7863,8.5
17008,5,0,42.5,-80.305,45.202,29.7863,8.5
17108,2,42.5,0,-65.9152,14.942,30.2113,8.5
17108,1,0,0,-75.544,31.3842,30.2113,8.5
17108,5,0,42.5,-80.3858,45.4832,30.2113,8.5
17208,2,42.5,0,-65.6089,14.5945,30.6363,8.5
17208,1,0,0,-75.713,31.7936,30.6363,8.5
17208,5,0,42.5,-80.4667,45.7666,30.6363,8.5
17308,2,42.5,0,-65.299,14.2511,31.0613,8.5
17308,1,0,0,-75.88,32.2033,31.0613,8.5
17308,5,0,42.5,-80.5477,46.0522,31.0613,8.5
17408,2,42.5,0,-64.9858,13.9123,31.4863,8.5
17408,1,0,0,-76.0451,32.6134,31.4863,8.5
17408,5,0,42.5,-80.6289,46.3399,31.4863,8.5
17508,2,42.5,0,-64.6695,13.5783,31.9113,8.5
17508,1,0,0,-76.2082,33.0239,31.9113,8.5
17508,5,0,42.5,-80.7101,46.6297,31.9113,8.5
17608,2,42.5,0,-64.3504,13.2496,32.3363,8.5
17608,1,0,0,-76.3695,33.4348,32.3363,8.5
17608,5,0,42.5,-80.7914,46.9216,32.3363,8.5
17708,2,42.5,0,-64.0288,12.9265,32.7613,8.5
17708,1,0,0,-76.5289,33.846,32.7613,8.5
17708,5,0,42.5,-80.8727,47.2155,32.7613,8.5
17808,2,42.5,0,-63.7054,12.6094,33.1863,8.5
17808,1,0,0,-76.6865,34.2575,33.1863,8.5
17808,5,0,42.5,-80.9541,47.5113,33.1863,8.5
17908,2,42.5,0,-63.3805,12.2988,33.6113,8.5
17908,1,0,0,-76.8423,34.6694,33.6113,8.5
17908,5,0,42.5,-81.0355,47.8092,33.6113,8.5
18008,2,42.5,0,-63.055,11.9952,34.0363,8.5
18008,1,0,0,-76.9965,35.0816,34.0363,8.5
18008,5,0,42.5,-81.117,48.1089,34.0363,8.5
18108,2,42.5,0,-62.7294,11.6992,34.4613,8.5
18108,1,0,0,-77.1489,35.4941,34.4613,8.5
18108,5,0,42.5,-81.1984,48.4105,34.4613,8.5
18108,3,85,0,-81.9566,51.2486,34.4613,8.5
18208,2,42.5,0,-62.4047,11.4114,34.8863,8.5
18208,1,0,0,-77.2997,35.9068,34.8863,8.5
18208,5,0,42.5,-81.2798,48.714,34.8863,8.5
18208,3,85,0,-81.8497,50.8295,34.8863,8.5
18308,2,42.5,0,-62.0819,11.1323,35.3113,8.5
18308,1,0,0,-77.4489,36.3199,35.3113,8.5
18308,5,0,42.5,-81.3612,49.0192,35.3113,8.5
18308,3,85,0,-81.7419,50.4105,35.3113,8.5
18408,2,42.5,0,-61.7622,10.8627,35.7363,8.5
18408,1,0,0,-77.5964,36.7332,35.7363,8.5
18408,5,0,42.5,-81.4425,49.3263,35.7363,8.5
18408,3,85,0,-81.6333,49.9917,35.7363,8.5
18508,2,42.5,0,-61.4468,10.6033,36.1613,8.5
18508,1,0,0,-77.7424,37.1468,36.1613,8.5
18508,3,85,0,-81.5238,49.5729,36.1613,8.5
18508,5,0,42.5,-81.5239,49.635,36.1613,8.5
18608,2,42.5,0,-61.1373,10.3548,36.5863,8.5
18608,1,0,0,-77.8869,37.5607,36.5863,8.5
18608,3,85,0,-81.4133,49.1543,36.5863,8.5
18608,5,0,42.5,-81.6051,49.9455,36.5863,8.5
18708,2,42.5,0,-60.8353,10.1181,37.0113,8.5
18708,1,0,0,-78.0299,37.9748,37.0113,8.5
18708,3,85,0,-81.302,48.7357,37.0113,8.5
18708,5,0,42.5,-81.6863,50.2577,37.0113,8.5
18808,2,42.5,0,-60.5426,9.89402,37.4363,8.5
18808,1,0,0,-78.1714,38.3891,37.4363,8.5
18808,3,85,0,-81.1897,48.3173,37.4363,8.5
18808,5,0,42.5,-81.7674,50.5715,37.4363,8.5
18908,2,42.5,0,-60.2612,9.68339,37.8613,8.5
18908,1,0,0,-78.3115,38.8037,37.8613,8.5
18908,3,85,0,-81.0765,47.899,37.8613,8.5
18908,5,0,42.5,-81.8484,50.8869,37.8613,8.5
19008,2,42.5,0,-59.9932,9.48713,38.2863,8.5
19008,1,0,0,-78.4501,39.2185,38.2863,8.5
19008,3,85,0,-80.9624,47.4808,38.2863,8.5
19008,5,0,42.5,-81.9293,51.2039,38.2863,8.5
19108,2,42.5,0,-59.7408,9.30616,38.7113,8.5
19108,1,0,0,-78.5874,39.6335,38.7113,8.5
19108,3,85,0,-80.8472,47.0627,38.7113,8.5
19208,2,42.5,0,-59.5064,9.14138,39.1363,8.5
19208,1,0,0,-78.7233,40.0487,39.1363,8.5
19208,3,85,0,-80.7311,46.6448,39.1363,8.5
19308,2,42.5,0,-59.2924,8.99368,39.5613,8.5
19308,1,0,0,-78.8578,40.4641,39.5613,8.5
19308,3,85,0,-80.6139,46.2269,39.5613,8.5
19408,2,42.5,0,-59.101,8.86391,39.9863,8.5
19408,1,0,0,-78.9911,40.8797,39.9863,8.5
19408,3,85,0,-80.4958,45.8093,39.9863,8.5
19508,2,42.5,0,-58.9345,8.75288,40.4113,8.5
19508,1,0,0,-79.1231,41.2955,40.4113,8.5
19508,3,85,0,-80.3766,45.3917,40.4113,8.5
19608,2,42.5,0,-58.7951,8.6613,40.8363,8.5
19608,1,0,0,-79.2537,41.7115,40.8363,8.5
19608,3,85,0,-80.2563,44.9743,40.8363,8.5
19708,2,42.5,0,-58.6846,8.58979,41.2613,8.5
19708,1,0,0,-79.3832,42.1277,41.2613,8.5
19708,3,85,0,-80.1349,44.557,41.2613,8.5
19808,2,42.5,0,-58.6045,8.53886,41.6863,8.5
19808,1,0,0,-79.5114,42.544,41.6863,8.5
19808,3,85,0,-80.0125,44.1399,41.6863,8.5
19908,2,42.5,0,-58.5559,8.50889,42.1113,8.5
19908,1,0,0,-79.6385,42.9605,42.1113,8.5
19908,3,85,0,-79.8889,43.7229,42.1113,8.5
20008,2,42.5,0,-58.5397,8.50008,42.5363,8.5
20008,1,0,0,-79.7643,43.3772,42.5363,8.5
20008,3,85,0,-79.7642,43.3061,42.5363,8.5
20108,2,42.5,0,-58.5559,8.51251,42.9613,8.5
20108,3,85,0,-79.6383,42.8895,42.9613,8.5
20108,1,0,0,-79.889,43.7941,42.9613,8.5
20208,2,42.5,0,-58.6045,8.54608,43.3863,8.5
20208,3,85,0,-79.5113,42.473,43.3863,8.5
20208,1,0,0,-80.0126,44.2111,43.3863,8.5
20308,2,42.5,0,-58.6847,8.60055,43.8113,8.5
20308,3,85,0,-79.3831,42.0567,43.8113,8.5
20308,1,0,0,-80.135,44.6282,43.8113,8.5
20408,2,42.5,0,-58.7952,8.67552,44.2363,8.5
20408,3,85,0,-79.2536,41.6405,44.2363,8.5
20408,1,0,0,-80.2564,45.0455,44.2363,8.5
20508,2,42.5,0,-58.9347,8.77046,44.6613,8.5
20508,3,85,0,-79.1229,41.2246,44.6613,8.5
20508,1,0,0,-80.3767,45.4629,44.6613,8.5
20608,2,42.5,0,-59.1012,8.88475,45.0863,8.5
20608,3,85,0,-78.991,40.8088,45.0863,8.5
20608,1,0,0,-80.4959,45.8805,45.0863,8.5
20708,2,42.5,0,-59.2926,9.01763,45.5113,8.5
20708,3,85,0,-78.8577,40.3932,45.5113,8.5
20708,1,0,0,-80.6141,46.2982,45.5113,8.5
20808,2,42.5,0,-59.5066,9.16831,45.9363,8.5
20808,3,85,0,-78.7231,39.9778,45.9363,8.5
20808,1,0,0,-80.7312,46.7161,45.9363,8.5
20908,2,42.5,0,-59.7411,9.33591,46.3613,8.5
20908,3,85,0,-78.5872,39.5626,46.3613,8.5
20908,1,0,0,-80.8473,47.134,46.3613,8.5
21008,2,42.5,0,-59.9934,9.51956,46.7863,8.5
21008,3,85,0,-78.45,39.1477,46.7863,8.5
21008,1,0,0,-80.9625,47.5521,46.7863,8.5
21008,4,85,42.5,-81.9292,51.1497,46.7863,8.5
21108,2,42.5,0,-60.2615,9.71833,47.2113,8.5
21108,3,85,0,-78.3113,38.7329,47.2113,8.5
21108,1,0,0,-81.0766,47.9703,47.2113,8.5
21108,4,85,42.5,-81.8483,50.833,47.2113,8.5
21208,2,42.5,0,-60.5429,9.93132,47.6363,8.5
21208,3,85,0,-78.1713,38.3184,47.6363,8.5
21208,1,0,0,-81.1899,48.3887,47.6363,8.5
21208,4,85,42.5,-81.7673,50.5178,47.6363,8.5
21308,2,42.5,0,-60.8356,10.1576,48.0613,8.5
21308,3,85,0,-78.0298,37.9041,48.0613,8.5
21308,1,0,0,-81.3021,48.8071,48.0613,8.5
21308,4,85,42.5,-81.6862,50.2043,48.0613,8.5
21408,2,42.5,0,-61.1376,10.3964,48.4863,8.5
21408,3,85,0,-77.8868,37.49,48.4863,8.5
21408,1,0,0,-81.4135,49.2257,48.4863,8.5
21408,4,85,42.5,-81.605,49.8924,48.4863,8.5
21508,2,42.5,0,-61.4471,10.6468,48.9113,8.5
21508,3,85,0,-77.7423,37.0762,48.9113,8.5
21508,1,0,0,-81.5239,49.6443,48.9113,8.5
21508,4,85,42.5,-81.5238,49.5822,48.9113,8.5
21608,2,42.5,0,-61.7625,10.908,49.3363,8.5
21608,3,85,0,-77.5963,36.6627,49.3363,8.5
21608,4,85,42.5,-81.4425,49.2738,49.3363,8.5
21608,1,0,0,-81.6334,50.0631,49.3363,8.5
21708,2,42.5,0,-62.0822,11.1793,49.7613,8.5
21708,3,85,0,-77.4487,36.2494,49.7613,8.5
21708,4,85,42.5,-81.3611,48.967,49.7613,8.5
21708,1,0,0,-81.742,50.482,49.7613,8.5
21808,2,42.5,0,-62.405,11.4599,50.1863,8.5
21808,3,85,0,-77.2996,35.8364,50.1863,8.5
21808,4,85,42.5,-81.2797,48.6621,50.1863,8.5
21808,1,0,0,-81.8498,50.901,50.1863,8.5
21908,2,42.5,0,-62.7297,11.7491,50.6113,8.5
21908,3,85,0,-77.1488,35.4237,50.6113,8.5
21908,4,85,42.5,-81.1983,48.3589,50.6113,8.5
21908,1,0,0,-81.9567,51.3201,50.6113,8.5
22008,2,42.5,0,-63.0553,12.0465,51.0363,8.5
22008,3,85,0,-76.9963,35.0112,51.0363,8.5
22008,4,85,42.5,-81.1169,48.0576,51.0363,8.5
22108,2,42.5,0,-63.3809,12.3513,51.4613,8.5
22108,3,85,0,-76.8422,34.5991,51.4613,8.5
22108,4,85,42.5,-81.0354,47.7582,51.4613,8.5
22208,2,42.5,0,-63.7057,12.663,51.8863,8.5
22208,3,85,0,-76.6863,34.1873,51.8863,8.5
22208,4,85,42.5,-80.954,47.4607,51.8863,8.5
22308,2,42.5,0,-64.0292,12.9812,52.3113,8.5
22308,3,85,0,-76.5287,33.7758,52.3113,8.5
22308,4,85,42.5,-80.8726,47.1652,52.3113,8.5
22408,2,42.5,0,-64.3507,13.3053,52.7363,8.5
22408,3,85,0,-76.3693,33.3646,52.7363,8.5
22408,4,85,42.5,-80.7913,46.8716,52.7363,8.5
22508,2,42.5,0,-64.6698,13.635,53.1613,8.5
22508,3,85,0,-76.208,32.9538,53.1613,8.5
22508,4,85,42.5,-80.71,46.5801,53.1613,8.5
22608,2,42.5,0,-64.9861,13.9698,53.5863,8.5
22608,3,85,0,-76.0449,32.5434,53.5863,8.5
22608,4,85,42.5,-80.6288,46.2906,53.5863,8.5
22708,2,42.5,0,-65.2993,14.3094,54.0113,8.5
22708,3,85,0,-75.8799,32.1334,54.0113,8.5
22708,4,85,42.5,-80.5476,46.0033,54.0113,8.5
22808,2,42.5,0,-65.6092,14.6535,54.4363,8.5
22808,3,85,0,-75.7129,31.7237,54.4363,8.5
22808,4,85,42.5,-80.4666,45.7181,54.4363,8.5
22908,2,42.5,0,-65.9155,15.0017,54.8613,8.5
22908,3,85,0,-75.5439,31.3144,54.8613,8.5
22908,4,85,42.5,-80.3857,45.4351,54.8613,8.5
23008,2,42.5,0,-66.2181,15.3538,55.2863,8.5
23008,3,85,0,-75.3728,30.9056,55.2863,8.5
23008,4,85,42.5,-80.3049,45.1543,55.2863,8.5
23108,2,42.5,0,-66.5168,15.7095,55.7113,8.5
23108,3,85,0,-75.1997,30.4972,55.7113,8.5
23108,4,85,42.5,-80.2243,44.8757,55.7113,8.5
23208,2,42.5,0,-66.8116,16.0685,56.1363,8.5
23208,3,85,0,-75.0244,30.0893,56.1363,8.5
23208,4,85,42.5,-80.1438,44.5995,56.1363,8.5
23308,2,42.5,0,-67.1023,16.4307,56.5613,8.5
23308,3,85,0,-74.847,29.6819,56.5613,8.5
23308,4,85,42.5,-80.0635,44.3256,56.5613,8.5
23408,2,42.5,0,-67.3891,16.7959,56.9863,8.5
23408,3,85,0,-74.6673,29.2749,56.9863,8.5
23408,4,85,42.5,-79.9835,44.0542,56.9863,8.5
23508,2,42.5,0,-67.6717,17.1638,57.4113,8.5
23508,3,85,0,-74.4854,28.8685,57.4113,8.5
23508,4,85,42.5,-79.9037,43.7851,57.4113,8.5
23608,2,42.5,0,-67.9503,17.5343,57.8363,8.5
23608,3,85,0,-74.3011,28.4626,57.8363,8.5
23608,4,85,42.5,-79.8241,43.5186,57.8363,8.5
23708,2,42.5,0,-68.2248,17.9072,58.2613,8.5
23708,3,85,0,-74.1144,28.0573,58.2613,8.5
23708,4,85,42.5,-79.7448,43.2546,58.2613,8.5
23808,2,42.5,0,-68.4953,18.2824,58.6863,8.5
23808,3,85,0,-73.9253,27.6525,58.6863,8.5
23808,4,85,42.5,-79.6658,42.9932,58.6863,8.5
23908,2,42.5,0,-68.7618,18.6597,59.1113,8.5
23908,3,85,0,-73.7337,27.2484,59.1113,8.5
23908,4,85,42.5,-79.5871,42.7344,59.1113,8.5
24008,2,42.5,0,-69.0243,19.039,59.5363,8.5
24008,3,85,0,-73.5396,26.845,59.5363,8.5
24008,4,85,42.5,-79.5087,42.4783,59.5363,8.5
24108,2,42.5,0,-69.283,19.4202,59.9613,8.5
24108,3,85,0,-73.3428,26.4422,59.9613,8.5
24108,4,85,42.5,-79.4307,42.2249,59.9613,8.5
24208,2,42.5,0,-69.5378,19.8032,60.3863,8.5
24208,3,85,0,-73.1434,26.0401,60.3863,8.5
24208,4,85,42.5,-79.3531,41.9742,60.3863,8.5
24308,2,42.5,0,-69.7887,20.1879,60.8113,8.5
24308,3,85,0,-72.9413,25.6387,60.8113,8.5
24308,4,85,42.5,-79.276,41.7264,60.8113,8.5
24408,2,42.5,0,-70.036,20.5742,61.2363,8.5
24408,3,85,0,-72.7363,25.2382,61.2363,8.5
24408,4,85,42.5,-79.1992,41.4815,61.2363,8.5
24508,2,42.5,0,-70.2796,20.962,61.6613,8.5
24508,3,85,0,-72.5286,24.8384,61.6613,8.5
24508,4,85,42.5,-79.123,41.2395,61.6613,8.5
24608,2,42.5,0,-70.5195,21.3511,62.0863,8.5
24608,3,85,0,-72.3179,24.4395,62.0863,8.5
24608,4,85,42.5,-79.0472,41.0005,62.0863,8.5
24708,2,42.5,0,-70.756,21.7417,62.5113,8.5
24708,3,85,0,-72.1042,24.0415,62.5113,8.5
24708,4,85,42.5,-78.9719,40.7645,62.5113,8.5
24808,2,42.5,0,-70.989,22.1335,62.9363,8.5
24808,3,85,0,-71.8875,23.6444,62.9363,8.5
24808,4,85,42.5,-78.8972,40.5316,62.9363,8.5
24908,2,42.5,0,-71.2186,22.5265,63.3613,8.5
24908,3,85,0,-71.6676,23.2483,63.3613,8.5
24908,4,85,42.5,-78.8231,40.3018,63.3613,8.5
25008,2,42.5,0,-71.4449,22.9206,63.7863,8.5
25008,3,85,0,-71.4446,22.8533,63.7863,8.5
25008,4,85,42.5,-78.7496,40.0752,63.7863,8.5
25108,3,85,0,-71.2184,22.4593,64.2113,8.5
25108,2,42.5,0,-71.6679,23.3158,64.2113,8.5
25108,4,85,42.5,-78.6767,39.8519,64.2113,8.5
25208,3,85,0,-70.9888,22.0665,64.6363,8.5
25208,2,42.5,0,-71.8877,23.7121,64.6363,8.5
25208,4,85,42.5,-78.6045,39.6318,64.6363,8.5
25308,3,85,0,-70.7558,21.675,65.0613,8.5
25308,2,42.5,0,-72.1044,24.1093,65.0613,8.5
25308,4,85,42.5,-78.533,39.4151,65.0613,8.5
25408,3,85,0,-70.5193,21.2847,65.4863,8.5
25408,2,42.5,0,-72.3181,24.5075,65.4863,8.5
25408,4,85,42.5,-78.4623,39.2019,65.4863,8.5
25508,3,85,0,-70.2793,20.8957,65.9113,8.5
25508,2,42.5,0,-72.5288,24.9066,65.9113,8.5
25508,4,85,42.5,-78.3923,38.9921,65.9113,8.5
25608,3,85,0,-70.0357,20.5082,66.3363,8.5
25608,2,42.5,0,-72.7366,25.3065,66.3363,8.5
25608,4,85,42.5,-78.3231,38.7858,66.3363,8.5
25708,3,85,0,-69.7885,20.1222,66.7613,8.5
25708,2,42.5,0,-72.9415,25.7072,66.7613,8.5
25708,4,85,42.5,-78.2548,38.5831,66.7613,8.5
25808,3,85,0,-69.5375,19.7378,67.1863,8.5
25808,2,42.5,0,-73.1436,26.1086,67.1863,8.5
25808,4,85,42.5,-78.1873,38.384,67.1863,8.5
25908,3,85,0,-69.2827,19.3551,67.6113,8.5
25908,2,42.5,0,-73.343,26.5108,67.6113,8.5
25908,4,85,42.5,-78.1207,38.1886,67.6113,8.5
26008,3,85,0,-69.0241,18.9742,68.0363,8.5
26008,2,42.5,0,-73.5398,26.9138,68.0363,8.5
26008,4,85,42.5,-78.0551,37.997,68.0363,8.5
26108,3,85,0,-68.7615,18.5952,68.4613,8.5
26108,2,42.5,0,-73.7339,27.3173,68.4613,8.5
26108,4,85,42.5,-77.9904,37.8091,68.4613,8.5
26208,3,85,0,-68.495,18.2182,68.8863,8.5
26208,2,42.5,0,-73.9255,27.7216,68.8863,8.5
26208,4,85,42.5,-77.9268,37.6252,68.8863,8.5
26308,3,85,0,-68.2245,17.8434,69.3113,8.5
26308,2,42.5,0,-74.1146,28.1264,69.3113,8.5
26308,4,85,42.5,-77.8642,37.4451,69.3113,8.5
26408,3,85,0,-67.95,17.4709,69.7363,8.5
26408,2,42.5,0,-74.3013,28.5318,69.7363,8.5
26408,4,85,42.5,-77.8027,37.269,69.7363,8.5
26508,3,85,0,-67.6714,17.1008,70.1613,8.5
26508,2,42.5,0,-74.4855,28.9378,70.1613,8.5
26508,4,85,42.5,-77.7423,37.097,70.1613,8.5
26608,3,85,0,-67.3888,16.7334,70.5863,8.5
26608,2,42.5,0,-74.6675,29.3443,70.5863,8.5
26608,4,85,42.5,-77.6831,36.9291,70.5863,8.5
26708,3,85,0,-67.102,16.3687,71.0113,8.5
26708,2,42.5,0,-74.8472,29.7513,71.0113,8.5
26708,4,85,42.5,-77.6251,36.7653,71.0113,8.5
26808,3,85,0,-66.8113,16.007,71.4363,8.5
26808,2,42.5,0,-75.0246,30.1589,71.4363,8.5
26808,4,85,42.5,-77.5683,36.6057,71.4363,8.5
26908,3,85,0,-66.5165,15.6485,71.8613,8.5
26908,2,42.5,0,-75.1999,30.5669,71.8613,8.5
26908,4,85,42.5,-77.5128,36.4503,71.8613,8.5
27008,3,85,0,-66.2178,15.2934,72.2863,8.5
27008,2,42.5,0,-75.373,30.9753,72.2863,8.5
27008,4,85,42.5,-77.4586,36.2993,72.2863,8.5
27108,3,85,0,-65.9152,14.942,72.7113,8.5
27108,2,42.5,0,-75.544,31.3842,72.7113,8.5
27108,4,85,42.5,-77.4057,36.1526,72.7113,8.5
27208,3,85,0,-65.6089,14.5945,73.1363,8.5
27208,2,42.5,0,-75.713,31.7936,73.1363,8.5
27208,4,85,42.5,-77.3542,36.0104,73.1363,8.5
27308,3,85,0,-65.299,14.2511,73.5613,8.5
27308,2,42.5,0,-75.88,32.2033,73.5613,8.5
27308,4,85,42.5,-77.3042,35.8726,73.5613,8.5
27408,3,85,0,-64.9858,13.9123,73.9863,8.5
27408,2,42.5,0,-76.0451,32.6134,73.9863,8.5
27408,4,85,42.5,-77.2556,35.7394,73.9863,8.5
27508,3,85,0,-64.6695,13.5783,74.4113,8.5
27508,2,42.5,0,-76.2082,33.0239,74.4113,8.5
27508,4,85,42.5,-77.2084,35.6107,74.4113,8.5
27608,3,85,0,-64.3504,13.2496,74.8363,8.5
27608,2,42.5,0,-76.3695,33.4348,74.8363,8.5
27608,4,85,42.5,-77.1628,35.4866,74.8363,8.5
27708,3,85,0,-64.0288,12.9265,75.2613,8.5
27708,2,42.5,0,-76.5289,33.846,75.2613,8.5
27708,4,85,42.5,-77.1188,35.3673,75.2613,8.5
27808,3,85,0,-63.7054,12.6094,75.6863,8.5
27808,2,42.5,0,-76.6865,34.2575,75.6863,8.5
27808,4,85,42.5,-77.0764,35.2526,75.6863,8.5
27908,3,85,0,-63.3805,12.2988,76.1113,8.5
27908,2,42.5,0,-76.8423,34.6694,76.1113,8.5
27908,4,85,42.5,-77.0355,35.1427,76.1113,8.5
28008,3,85,0,-63.0551,12.0208,76.5,8.5
28008,2,42.5,0,-76.9964,35.0464,76.5,8.5
28008,4,85,42.5,-76.9964,35.0464,76.5,8.5
28108,3,85,0,-63.0551,12.0208,76.5,8.5
28108,2,42.5,0,-76.9964,35.0464,76.5,8.5
28108,4,85,42.5,-76.9964,35.0464,76.5,8.5
28208,3,85,0,-63.0551,12.0208,76.5,8.5
28208,2,42.5,0,-76.9964,35.0464,76.5,8.5
28208,4,85,42.5,-76.9964,35.0464,76.5,8.5
28308,3,85,0,-63.0551,12.0208,76.5,8.5
28308,2,42.5,0,-76.9964,35.0464,76.5,8.5
28308,4,85,42.5,-76.9964,35.0464,76.5,8.5
28408,3,85,0,-63.0551,12.0208,76.5,8.5
28408,2,42.5,0,-76.9964,35.0464,76.5,8.5
28408,4,85,42.5,-76.9964,35.0464,76.5,8.5
28508,3,85,0,-63.0551,12.0208,76.5,8.5
28508,2,42.5,0,-76.9964,35.0464,76.5,8.5
28508,4,85,42.5,-76.9964,35.0464,76.5,8.5
28608,3,85,0,-63.0551,12.0208,76.5,8.5
28608,2,42.5,0,-76.9964,35.0464,76.5,8.5
28608,4,85,42.5,-76.9964,35.0464,76.5,8.5
28708,3,85,0,-63.0551,12.0208,76.5,8.5
28708,2,42.5,0,-76.9964,35.0464,76.5,8.5
28708,4,85,42.5,-76.9964,35.0464,76.5,8.5
28808,3,85,0,-63.0551,12.0208,76.5,8.5
28808,2,42.5,0,-76.9964,35.0464,76.5,8.5
28808,4,85,42.5,-76.9964,35.0464,76.5,8.5
28908,3,85,0,-63.0551,12.0208,76.5,8.5
28908,2,42.5,0,-76.9964,35.0464,76.5,8.5
28908,4,85,42.5,-76.9964,35.0464,76.5,8.5
29008,3,85,0,-63.0551,12.0208,76.5,8.5
29008,2,42.5,0,-76.9964,35.0464,76.5,8.5
29008,4,85,42.5,-76.9964,35.0464,76.5,8.5
29108,3,85,0,-63.0551,12.0208,76.5,8.5
29108,2,42.5,0,-76.9964,35.0464,76.5,8.5
29108,4,85,42.5,-76.9964,35.0464,76.5,8.5
29208,3,85,0,-63.0551,12.0208,76.5,8.5
29208,2,42.5,0,-76.9964,35.0464,76.5,8.5
29208,4,85,42.5,-76.9964,35.0464,76.5,8.5
29308,3,85,0,-63.0551,12.0208,76.5,8.5
29308,2,42.5,0,-76.9964,35.0464,76.5,8.5
29308,4,85,42.5,-76.9964,35.0464,76.5,8.5
29408,3,85,0,-63.0551,12.0208,76.5,8.5
29408,2,42.5,0,-76.9964,35.0464,76.5,8.5
29408,4,85,42.5,-76.9964,35.0464,76.5,8.5
29508,3,85,0,-63.0551,12.0208,76.5,8.5
29508,2,42.5,0,-76.9964,35.0464,76.5,8.5
29508,4,85,42.5,-76.9964,35.0464,76.5,8.5
29608,3,85,0,-63.0551,12.0208,76.5,8.5
29608,2,42.5,0,-76.9964,35.0464,76.5,8.5
29608,4,85,42.5,-76.9964,35.0464,76.5,8.5
29708,3,85,0,-63.0551,12.0208,76.5,8.5
29708,2,42.5,0,-76.9964,35.0464,76.5,8.5
29708,4,85,42.5,-76.9964,35.0464,76.5,8.5
29808,3,85,0,-63.0551,12.0208,76.5,8.5
29808,2,42.5,0,-76.9964,35.0464,76.5,8.5
29808,4,85,42.5,-76.9964,35.0464,76.5,8.5
29908,3,85,0,-63.0551,12.0208,76.5,8.5
29908,2,42.5,0,-76.9964,35.0464,76.5,8.5
29908,4,85,42.5,-76.9964,35.0464,76.5,8.5
30008,3,85,0,-63.0553,12.0465,76.5,8.53625
30008,2,42.5,0,-76.9964,35.0552,76.5,8.53625
30008,4,85,42.5,-76.9963,35.0112,76.5,8.53625
30108,3,85,0,-63.3809,12.3513,76.5,8.96125
30108,4,85,42.5,-76.8422,34.5991,76.5,8.96125
30108,2,42.5,0,-77.0356,35.1611,76.5,8.96125
30208,3,85,0,-63.7057,12.663,76.5,9.38625
30208,4,85,42.5,-76.6863,34.1873,76.5,9.38625
30208,2,42.5,0,-77.0764,35.2718,76.5,9.38625
30308,3,85,0,-64.0292,12.9812,76.5,9.81125
30308,4,85,42.5,-76.5287,33.7758,76.5,9.81125
30308,2,42.5,0,-77.1188,35.3873,76.5,9.81125
30408,3,85,0,-64.3507,13.3053,76.5,10.2363
30408,4,85,42.5,-76.3693,33.3646,76.5,10.2363
30408,2,42.5,0,-77.1629,35.5075,76.5,10.2363
30508,3,85,0,-64.6698,13.635,76.5,10.6613
30508,4,85,42.5,-76.208,32.9538,76.5,10.6613
30508,2,42.5,0,-77.2085,35.6323,76.5,10.6613
30608,3,85,0,-64.9861,13.9698,76.5,11.0863
30608,4,85,42.5,-76.0449,32.5434,76.5,11.0863
30608,2,42.5,0,-77.2556,35.7618,76.5,11.0863
30708,3,85,0,-65.2993,14.3094,76.5,11.5113
30708,4,85,42.5,-75.8799,32.1334,76.5,11.5113
30708,2,42.5,0,-77.3042,35.8958,76.5,11.5113
30808,3,85,0,-65.6092,14.6535,76.5,11.9363
30808,4,85,42.5,-75.7129,31.7237,76.5,11.9363
30808,2,42.5,0,-77.3543,36.0343,76.5,11.9363
30908,3,85,0,-65.9155,15.0017,76.5,12.3613
30908,4,85,42.5,-75.5439,31.3144,76.5,12.3613
30908,2,42.5,0,-77.4058,36.1773,76.5,12.3613
31008,3,85,0,-66.2181,15.3538,76.5,12.7863
31008,4,85,42.5,-75.3728,30.9056,76.5,12.7863
31008,2,42.5,0,-77.4586,36.3248,76.5,12.7863
31108,3,85,0,-66.5168,15.7095,76.5,13.2113
31108,4,85,42.5,-75.1997,30.4972,76.5,13.2113
31108,2,42.5,0,-77.5128,36.4765,76.5,13.2113
31208,3,85,0,-66.8116,16.0685,76.5,13.6363
31208,4,85,42.5,-75.0244,30.0893,76.5,13.6363
31208,2,42.5,0,-77.5684,36.6326,76.5,13.6363
31308,3,85,0,-67.1023,16.4307,76.5,14.0613
31308,4,85,42.5,-74.847,29.6819,76.5,14.0613
31308,2,42.5,0,-77.6252,36.7929,76.5,14.0613
31408,3,85,0,-67.3891,16.7959,76.5,14.4863
31408,4,85,42.5,-74.6673,29.2749,76.5,14.4863
31408,2,42.5,0,-77.6832,36.9574,76.5,14.4863
31508,3,85,0,-67.6717,17.1638,76.5,14.9113
31508,4,85,42.5,-74.4854,28.8685,76.5,14.9113
31508,2,42.5,0,-77.7424,37.1261,76.5,14.9113
31608,3,85,0,-67.9503,17.5343,76.5,15.3363
31608,4,85,42.5,-74.3011,28.4626,76.5,15.3363
31608,2,42.5,0,-77.8028,37.2988,76.5,15.3363
31708,3,85,0,-68.2248,17.9072,76.5,15.7613
31708,4,85,42.5,-74.1144,28.0573,76.5,15.7613
31708,2,42.5,0,-77.8643,37.4756,76.5,15.7613
31808,3,85,0,-68.4953,18.2824,76.5,16.1863
31808,4,85,42.5,-73.9253,27.6525,76.5,16.1863
31808,2,42.5,0,-77.9269,37.6563,76.5,16.1863
31908,3,85,0,-68.7618,18.6597,76.5,16.6113
31908,4,85,42.5,-73.7337,27.2484,76.5,16.6113
31908,2,42.5,0,-77.9905,37.8409,76.5,16.6113
32008,3,85,0,-69.0243,19.039,76.5,17.0363
32008,4,85,42.5,-73.5396,26.845,76.5,17.0363
32008,2,42.5,0,-78.0552,38.0294,76.5,17.0363
32108,3,85,0,-69.283,19.4202,76.5,17.4613
32108,4,85,42.5,-73.3428,26.4422,76.5,17.4613
32108,2,42.5,0,-78.1208,38.2217,76.5,17.4613
32208,3,85,0,-69.5378,19.8032,76.5,17.8863
32208,4,85,42.5,-73.1434,26.0401,76.5,17.8863
32208,2,42.5,0,-78.1873,38.4177,76.5,17.8863
32308,3,85,0,-69.7887,20.1879,76.5,18.3113
32308,4,85,42.5,-72.9413,25.6387,76.5,18.3113
32308,2,42.5,0,-78.2548,38.6174,76.5,18.3113
32408,3,85,0,-70.036,20.5742,76.5,18.7363
32408,4,85,42.5,-72.7363,25.2382,76.5,18.7363
32408,2,42.5,0,-78.3232,38.8207,76.5,18.7363
32508,3,85,0,-70.2796,20.962,76.5,19.1613
32508,4,85,42.5,-72.5286,24.8384,76.5,19.1613
32508,2,42.5,0,-78.3924,39.0276,76.5,19.1613
32608,3,85,0,-70.5195,21.3511,76.5,19.5863
32608,4,85,42.5,-72.3179,24.4395,76.5,19.5863
32608,2,42.5,0,-78.4623,39.238,76.5,19.5863
32708,3,85,0,-70.756,21.7417,76.5,20.0113
32708,4,85,42.5,-72.1042,24.0415,76.5,20.0113
32708,2,42.5,0,-78.5331,39.4519,76.5,20.0113
32808,3,85,0,-70.989,22.1335,76.5,20.4363
32808,4,85,42.5,-71.8875,23.6444,76.5,20.4363
32808,2,42.5,0,-78.6046,39.6691,76.5,20.4363
32908,3,85,0,-71.2186,22.5265,76.5,20.8613
32908,4,85,42.5,-71.6676,23.2483,76.5,20.8613
32908,2,42.5,0,-78.6768,39.8897,76.5,20.8613
33008,3,85,0,-71.4449,22.9206,76.5,21.2863
33008,4,85,42.5,-71.4446,22.8533,76.5,21.2863
33008,2,42.5,0,-78.7497,40.1136,76.5,21.2863
33108,4,85,42.5,-71.2184,22.4593,76.5,21.7113
33108,3,85,0,-71.6679,23.3158,76.5,21.7113
33108,2,42.5,0,-78.8232,40.3408,76.5,21.7113
33208,4,85,42.5,-70.9888,22.0665,76.5,22.1363
33208,3,85,0,-71.8877,23.7121,76.5,22.1363
33208,2,42.5,0,-78.8973,40.5711,76.5,22.1363
33308,4,85,42.5,-70.7558,21.675,76.5,22.5613
33308,3,85,0,-72.1044,24.1093,76.5,22.5613
33308,2,42.5,0,-78.972,40.8045,76.5,22.5613
33408,4,85,42.5,-70.5193,21.2847,76.5,22.9863
33408,3,85,0,-72.3181,24.5075,76.5,22.9863
33408,2,42.5,0,-79.0472,41.0411,76.5,22.9863
33508,4,85,42.5,-70.2793,20.8957,76.5,23.4113
33508,3,85,0,-72.5288,24.9066,76.5,23.4113
33508,2,42.5,0,-79.123,41.2806,76.5,23.4113
33608,4,85,42.5,-70.0357,20.5082,76.5,23.8363
33608,3,85,0,-72.7366,25.3065,76.5,23.8363
33608,2,42.5,0,-79.1993,41.5231,76.5,23.8363
33708,4,85,42.5,-69.7885,20.1222,76.5,24.2613
33708,3,85,0,-72.9415,25.7072,76.5,24.2613
33708,2,42.5,0,-79.276,41.7685,76.5,24.2613
33808,4,85,42.5,-69.5375,19.7378,76.5,24.6863
33808,3,85,0,-73.1436,26.1086,76.5,24.6863
33808,2,42.5,0,-79.3532,42.0168,76.5,24.6863
33908,4,85,42.5,-69.2827,19.3551,76.5,25.1113
33908,3,85,0,-73.343,26.5108,76.5,25.1113
33908,2,42.5,0,-79.4308,42.2679,76.5,25.1113
34008,4,85,42.5,-69.0241,18.9742,76.5,25.5363
34008,3,85,0,-73.5398,26.9138,76.5,25.5363
34008,2,42.5,0,-79.5088,42.5218,76.5,25.5363
34108,4,85,42.5,-68.7615,18.5952,76.5,25.9613
34108,3,85,0,-73.7339,27.3173,76.5,25.9613
34108,2,42.5,0,-79.5872,42.7783,76.5,25.9613
34208,4,85,42.5,-68.495,18.2182,76.5,26.3863
34208,3,85,0,-73.9255,27.7216,76.5,26.3863
34208,2,42.5,0,-79.6659,43.0376,76.5,26.3863
34308,4,85,42.5,-68.2245,17.8434,76.5,26.8113
34308,3,85,0,-74.1146,28.1264,76.5,26.8113
34308,2,42.5,0,-79.7449,43.2995,76.5,26.8113
34408,4,85,42.5,-67.95,17.4709,76.5,27.2363
34408,3,85,0,-74.3013,28.5318,76.5,27.2363
34408,2,42.5,0,-79.8242,43.5639,76.5,27.2363
34508,4,85,42.5,-67.6714,17.1008,76.5,27.6613
34508,3,85,0,-74.4855,28.9378,76.5,27.6613
34508,2,42.5,0,-79.9037,43.8309,76.5,27.6613
34608,4,85,42.5,-67.3888,16.7334,76.5,28.0863
34608,3,85,0,-74.6675,29.3443,76.5,28.0863
34608,2,42.5,0,-79.9836,44.1003,76.5,28.0863
34708,4,85,42.5,-67.102,16.3687,76.5,28.5113
34708,3,85,0,-74.8472,29.7513,76.5,28.5113
34708,2,42.5,0,-80.0636,44.3722,76.5,28.5113
34808,4,85,42.5,-66.8113,16.007,76.5,28.9363
34808,3,85,0,-75.0246,30.1589,76.5,28.9363
34808,2,42.5,0,-80.1439,44.6465,76.5,28.9363
34908,4,85,42.5,-66.5165,15.6485,76.5,29.3613
34908,3,85,0,-75.1999,30.5669,76.5,29.3613
34908,2,42.5,0,-80.2244,44.9231,76.5,29.3613
35008,4,85,42.5,-66.2178,15.2934,76.5,29.7863
35008,3,85,0,-75.373,30.9753,76.5,29.7863
35008,2,42.5,0,-80.305,45.202,76.5,29.7863
35108,4,85,42.5,-65.9152,14.942,76.5,30.2113
35108,3,85,0,-75.544,31.3842,76.5,30.2113
35108,2,42.5,0,-80.3858,45.4832,76.5,30.2113
35208,4,85,42.5,-65.6089,14.5945,76.5,30.6363
35208,3,85,0,-75.713,31.7936,76.5,30.6363
35208,2,42.5,0,-80.4667,45.7666,76.5,30.6363
35308,4,85,42.5,-65.299,14.2511,76.5,31.0613
35308,3,85,0,-75.88,32.2033,76.5,31.0613
35308,2,42.5,0,-80.5477,46.0522,76.5,31.0613
35408,4,85,42.5,-64.9858,13.9123,76.5,31.4863
35408,3,85,0,-76.0451,32.6134,76.5,31.4863
35408,2,42.5,0,-80.6289,46.3399,76.5,31.4863
35508,4,85,42.5,-64.6695,13.5783,76.5,31.9113
35508,3,85,0,-76.2082,33.0239,76.5,31.9113
35508,2,42.5,0,-80.7101,46.6297,76.5,31.9113
35608,4,85,42.5,-64.3504,13.2496,76.5,32.3363
35608,3,85,0,-76.3695,33.4348,76.5,32.3363
35608,2,42.5,0,-80.7914,46.9216,76.5,32.3363
35708,4,85,42.5,-64.0288,12.9265,76.5,32.7613
35708,3,85,0,-76.5289,33.846,76.5,32.7613
35708,2,42.5,0,-80.8727,47.2155,76.5,32.7613
35808,4,85,42.5,-63.7054,12.6094,76.5,33.1863
35808,3,85,0,-76.6865,34.2575,76.5,33.1863
35808,2,42.5,0,-80.9541,47.5113,76.5,33.1863
35908,4,85,42.5,-63.3805,12.2988,76.5,33.6113
35908,3,85,0,-76.8423,34.6694,76.5,33.6113
35908,2,42.5,0,-81.0355,47.8092,76.5,33.6113
36008,4,85,42.5,-63.055,11.9952,76.5,34.0363
36008,3,85,0,-76.9965,35.0816,76.5,34.0363
36008,2,42.5,0,-81.117,48.1089,76.5,34.0363
36108,4,85,42.5,-62.7294,11.6992,76.5,34.4613
36108,3,85,0,-77.1489,35.4941,76.5,34.4613
36108,2,42.5,0,-81.1984,48.4105,76.5,34.4613
36108,8,85,85,-81.9566,51.2486,76.5,34.4613
36208,4,85,42.5,-62.4047,11.4114,76.5,34.8863
36208,3,85,0,-77.2997,35.9068,76.5,34.8863
36208,2,42.5,0,-81.2798,48.714,76.5,34.8863
36208,8,85,85,-81.8497,50.8295,76.5,34.8863
36308,4,85,42.5,-62.0819,11.1323,76.5,35.3113
36308,3,85,0,-77.4489,36.3199,76.5,35.3113
36308,2,42.5,0,-81.3612,49.0192,76.5,35.3113
36308,8,85,85,-81.7419,50.4105,76.5,35.3113
36408,4,85,42.5,-61.7622,10.8627,76.5,35.7363
36408,3,85,0,-77.5964,36.7332,76.5,35.7363
36408,2,42.5,0,-81.4425,49.3263,76.5,35.7363
36408,8,85,85,-81.6333,49.9917,76.5,35.7363
36508,4,85,42.5,-61.4468,10.6033,76.5,36.1613
36508,3,85,0,-77.7424,37.1468,76.5,36.1613
36508,2,42.5,0,-81.5239,49.635,76.5,36.1613
36508,8,85,85,-81.5238,49.5729,76.5,36.1613
36608,4,85,42.5,-61.1373,10.3548,76.5,36.5863
36608,3,85,0,-77.8869,37.5607,76.5,36.5863
36608,8,85,85,-81.4133,49.1543,76.5,36.5863
36608,2,42.5,0,-81.6051,49.9455,76.5,36.5863
36708,4,85,42.5,-60.8353,10.1181,76.5,37.0113
36708,3,85,0,-78.0299,37.9748,76.5,37.0113
36708,8,85,85,-81.302,48.7357,76.5,37.0113
36708,2,42.5,0,-81.6863,50.2577,76.5,37.0113
36808,4,85,42.5,-60.5426,9.89402,76.5,37.4363
36808,3,85,0,-78.1714,38.3891,76.5,37.4363
36808,8,85,85,-81.1897,48.3173,76.5,37.4363
36808,2,42.5,0,-81.7674,50.5715,76.5,37.4363
36908,4,85,42.5,-60.2612,9.68339,76.5,37.8613
36908,3,85,0,-78.3115,38.8037,76.5,37.8613
36908,8,85,85,-81.0765,47.899,76.5,37.8613
36908,2,42.5,0,-81.8484,50.8869,76.5,37.8613
37008,4,85,42.5,-59.9932,9.48713,76.5,38.2863
37008,3,85,0,-78.4501,39.2185,76.5,38.2863
37008,8,85,85,-80.9624,47.4808,76.5,38.2863
37008,2,42.5,0,-81.9293,51.2039,76.5,38.2863
37108,4,85,42.5,-59.7408,9.30616,76.5,38.7113
37108,3,85,0,-78.5874,39.6335,76.5,38.7113
37108,8,85,85,-80.8472,47.0627,76.5,38.7113
37208,4,85,42.5,-59.5064,9.14138,76.5,39.1363
37208,3,85,0,-78.7233,40.0487,76.5,39.1363
37208,8,85,85,-80.7311,46.6448,76.5,39.1363
37308,4,85,42.5,-59.2924,8.99368,76.5,39.5613
37308,3,85,0,-78.8578,40.4641,76.5,39.5613
37308,8,85,85,-80.6139,46.2269,76.5,39.5613
37408,4,85,42.5,-59.101,8.86391,76.5,39.9863
37408,3,85,0,-78.9911,40.8797,76.5,39.9863
37408,8,85,85,-80.4958,45.8093,76.5,39.9863
37508,4,85,42.5,-58.9345,8.75288,76.5,40.4113
37508,3,85,0,-79.1231,41.2955,76.5,40.4113
37508,8,85,85,-80.3766,45.3917,76.5,40.4113
37608,4,85,42.5,-58.7951,8.6613,76.5,40.8363
37608,3,85,0,-79.2537,41.7115,76.5,40.8363
37608,8,85,85,-80.2563,44.9743,76.5,40.8363
37708,4,85,42.5,-58.6846,8.58979,76.5,41.2613
37708,3,85,0,-79.3832,42.1277,76.5,41.2613
37708,8,85,85,-80.1349,44.557,76.5,41.2613
37808,4,85,42.5,-58.6045,8.53886,76.5,41.6863
37808,3,85,0,-79.5114,42.544,76.5,41.6863
37808,8,85,85,-80.0125,44.1399,76.5,41.6863
37908,4,85,42.5,-58.5559,8.50889,76.5,42.1113
37908,3,85,0,-79.6385,42.9605,76.5,42.1113
37908,8,85,85,-79.8889,43.7229,76.5,42.1113
38008,4,85,42.5,-58.5397,8.50008,76.5,42.5363
38008,3,85,0,-79.7643,43.3772,76.5,42.5363
38008,8,85,85,-79.7642,43.3061,76.5,42.5363
38108,4,85,42.5,-58.5559,8.51251,76.5,42.9613
38108,8,85,85,-79.6383,42.8895,76.5,42.9613
38108,3,85,0,-79.889,43.7941,76.5,42.9613
38208,4,85,42.5,-58.6045,8.54608,76.5,43.3863
38208,8,85,85,-79.5113,42.473,76.5,43.3863
38208,3,85,0,-80.0126,44.2111,76.5,43.3863
38308,4,85,42.5,-58.6847,8.60055,76.5,43.8113
38308,8,85,85,-79.3831,42.0567,76.5,43.8113
38308,3,85,0,-80.135,44.6282,76.5,43.8113
38408,4,85,42.5,-58.7952,8.67552,76.5,44.2363
38408,8,85,85,-79.2536,41.6405,76.5,44.2363
38408,3,85,0,-80.2564,45.0455,76.5,44.2363
38508,4,85,42.5,-58.9347,8.77046,76.5,44.6613
38508,8,85,85,-79.1229,41.2246,76.5,44.6613
38508,3,85,0,-80.3767,45.4629,76.5,44.6613
38608,4,85,42.5,-59.1012,8.88475,76.5,45.0863
38608,8,85,85,-78.991,40.8088,76.5,45.0863
38608,3,85,0,-80.4959,45.8805,76.5,45.0863
38708,4,85,42.5,-59.2926,9.01763,76.5,45.5113
38708,8,85,85,-78.8577,40.3932,76.5,45.5113
38708,3,85,0,-80.6141,46.2982,76.5,45.5113
38808,4,85,42.5,-59.5066,9.16831,76.5,45.9363
38808,8,85,85,-78.7231,39.9778,76.5,45.9363
38808,3,85,0,-80.7312,46.7161,76.5,45.9363
38908,4,85,42.5,-59.7411,9.33591,76.5,46.3613
38908,8,85,85,-78.5872,39.5626,76.5,46.3613
38908,3,85,0,-80.8473,47.134,76.5,46.3613
39008,4,85,42.5,-59.9934,9.51956,76.5,46.7863
39008,8,85,85,-78.45,39.1477,76.5,46.7863
39008,3,85,0,-80.9625,47.5521,76.5,46.7863
39008,7,42.5,85,-81.9292,51.1497,76.5,46.7863
39108,4,85,42.5,-60.2615,9.71833,76.5,47.2113
39108,8,85,85,-78.3113,38.7329,76.5,47.2113
39108,3,85,0,-81.0766,47.9703,76.5,47.2113
39108,7,42.5,85,-81.8483,50.833,76.5,47.2113
39208,4,85,42.5,-60.5429,9.93132,76.5,47.6363
39208,8,85,85,-78.1713,38.3184,76.5,47.6363
39208,3,85,0,-81.1899,48.3887,76.5,47.6363
39208,7,42.5,85,-81.7673,50.5178,76.5,47.6363
39308,4,85,42.5,-60.8356,10.1576,76.5,48.0613
39308,8,85,85,-78.0298,37.9041,76.5,48.0613
39308,3,85,0,-81.3021,48.8071,76.5,48.0613
39308,7,42.5,85,-81.6862,50.2043,76.5,48.0613
39408,4,85,42.5,-61.1376,10.3964,76.5,48.4863
39408,8,85,85,-77.8868,37.49,76.5,48.4863
39408,3,85,0,-81.4135,49.2257,76.5,48.4863
39408,7,42.5,85,-81.605,49.8924,76.5,48.4863
39508,4,85,42.5,-61.4471,10.6468,76.5,48.9113
39508,8,85,85,-77.7423,37.0762,76.5,48.9113
39508,3,85,0,-81.5239,49.6443,76.5,48.9113
39508,7,42.5,85,-81.5238,49.5822,76.5,48.9113
39608,4,85,42.5,-61.7625,10.908,76.5,49.3363
39608,8,85,85,-77.5963,36.6627,76.5,49.3363
39608,7,42.5,85,-81.4425,49.2738,76.5,49.3363
39608,3,85,0,-81.6334,50.0631,76.5,49.3363
39708,4,85,42.5,-62.0822,11.1793,76.5,49.7613
39708,8,85,85,-77.4487,36.2494,76.5,49.7613
39708,7,42.5,85,-81.3611,48.967,76.5,49.7613
39708,3,85,0,-81.742,50.482,76.5,49.7613
39808,4,85,42.5,-62.405,11.4599,76.5,50.1863
39808,8,85,85,-77.2996,35.8364,76.5,50.1863
39808,7,42.5,85,-81.2797,48.6621,76.5,50.1863
39808,3,85,0,-81.8498,50.901,76.5,50.1863
39908,4,85,42.5,-62.7297,11.7491,76.5,50.6113
39908,8,85,85,-77.1488,35.4237,76.5,50.6113
39908,7,42.5,85,-81.1983,48.3589,76.5,50.6113
39908,3,85,0,-81.9567,51.3201,76.5,50.6113
40008,4,85,42.5,-63.0553,12.0465,76.5,51.0363
40008,8,85,85,-76.9963,35.0112,76.5,51.0363
40008,7,42.5,85,-81.1169,48.0576,76.5,51.0363
40108,4,85,42.5,-63.3809,12.3513,76.5,51.4613
40108,8,85,85,-76.8422,34.5991,76.5,51.4613
40108,7,42.5,85,-81.0354,47.7582,76.5,51.4613
40208,4,85,42.5,-63.7057,12.663,76.5,51.8863
40208,8,85,85,-76.6863,34.1873,76.5,51.8863
40208,7,42.5,85,-80.954,47.4607,76.5,51.8863
40308,4,85,42.5,-64.0292,12.9812,76.5,52.3113
40308,8,85,85,-76.5287,33.7758,76.5,52.3113
40308,7,42.5,85,-80.8726,47.1652,76.5,52.3113
40408,4,85,42.5,-64.3507,13.3053,76.5,52.7363
40408,8,85,85,-76.3693,33.3646,76.5,52.7363
40408,7,42.5,85,-80.7913,46.8716,76.5,52.7363
40508,4,85,42.5,-64.6698,13.635,76.5,53.1613
40508,8,85,85,-76.208,32.9538,76.5,53.1613
40508,7,42.5,85,-80.71,46.5801,76.5,53.1613
40608,4,85,42.5,-64.9861,13.9698,76.5,53.5863
40608,8,85,85,-76.0449,32.5434,76.5,53.5863
40608,7,42.5,85,-80.6288,46.2906,76.5,53.5863
40708,4,85,42.5,-65.2993,14.3094,76.5,54.0113
40708,8,85,85,-75.8799,32.1334,76.5,54.0113
40708,7,42.5,85,-80.5476,46.0033,76.5,54.0113
40808,4,85,42.5,-65.6092,14.6535,76.5,54.4363
40808,8,85,85,-75.7129,31.7237,76.5,54.4363
40808,7,42.5,85,-80.4666,45.7181,76.5,54.4363
40908,4,85,42.5,-65.9155,15.0017,76.5,54.8613
40908,8,85,85,-75.5439,31.3144,76.5,54.8613
40908,7,42.5,85,-80.3857,45.4351,76.5,54.8613
41008,4,85,42.5,-66.2181,15.3538,76.5,55.2863
41008,8,85,85,-75.3728,30.9056,76.5,55.2863
41008,7,42.5,85,-80.3049,45.1543,76.5,55.2863
41108,4,85,42.5,-66.5168,15.7095,76.5,55.7113
41108,8,85,85,-75.1997,30.4972,76.5,55.7113
41108,7,42.5,85,-80.2243,44.8757,76.5,55.7113
41208,4,85,42.5,-66.8116,16.0685,76.5,56.1363
41208,8,85,85,-75.0244,30.0893,76.5,56.1363
41208,7,42.5,85,-80.1438,44.5995,76.5,56.1363
41308,4,85,42.5,-67.1023,16.4307,76.5,56.5613
41308,8,85,85,-74.847,29.6819,76.5,56.5613
41308,7,42.5,85,-80.0635,44.3256,76.5,56.5613
41408,4,85,42.5,-67.3891,16.7959,76.5,56.9863
41408,8,85,85,-74.6673,29.2749,76.5,56.9863
41408,7,42.5,85,-79.9835,44.0542,76.5,56.9863
41508,4,85,42.5,-67.6717,17.1638,76.5,57.4113
41508,8,85,85,-74.4854,28.8685,76.5,57.4113
41508,7,42.5,85,-79.9037,43.7851,76.5,57.4113
41608,4,85,42.5,-67.9503,17.5343,76.5,57.8363
41608,8,85,85,-74.3011,28.4626,76.5,57.8363
41608,7,42.5,85,-79.8241,43.5186,76.5,57.8363
41708,4,85,42.5,-68.2248,17.9072,76.5,58.2613
41708,8,85,85,-74.1144,28.0573,76.5,58.2613
41708,7,42.5,85,-79.7448,43.2546,76.5,58.2613
41808,4,85,42.5,-68.4953,18.2824,76.5,58.6863
41808,8,85,85,-73.9253,27.6525,76.5,58.6863
41808,7,42.5,85,-79.6658,42.9932,76.5,58.6863
41908,4,85,42.5,-68.7618,18.6597,76.5,59.1113
41908,8,85,85,-73.7337,27.2484,76.5,59.1113
41908,7,42.5,85,-79.5871,42.7344,76.5,59.1113
42008,4,85,42.5,-69.0243,19.039,76.5,59.5363
42008,8,85,85,-73.5396,26.845,76.5,59.5363
42008,7,42.5,85,-79.5087,42.4783,76.5,59.5363
42108,4,85,42.5,-69.283,19.4202,76.5,59.9613
42108,8,85,85,-73.3428,26.4422,76.5,59.9613
42108,7,42.5,85,-79.4307,42.2249,76.5,59.9613
42208,4,85,42.5,-69.5378,19.8032,76.5,60.3863
42208,8,85,85,-73.1434,26.0401,76.5,60.3863
42208,7,42.5,85,-79.3531,41.9742,76.5,60.3863
42308,4,85,42.5,-69.7887,20.1879,76.5,60.8113
42308,8,85,85,-72.9413,25.6387,76.5,60.8113
42308,7,42.5,85,-79.276,41.7264,76.5,60.8113
42408,4,85,42.5,-70.036,20.5742,76.5,61.2363
42408,8,85,85,-72.7363,25.2382,76.5,61.2363
42408,7,42.5,85,-79.1992,41.4815,76.5,61.2363
42508,4,85,42.5,-70.2796,20.962,76.5,61.6613
42508,8,85,85,-72.5286,24.8384,76.5,61.6613
42508,7,42.5,85,-79.123,41.2395,76.5,61.6613
42608,4,85,42.5,-70.5195,21.3511,76.5,62.0863
42608,8,85,85,-72.3179,24.4395,76.5,62.0863
42608,7,42.5,85,-79.0472,41.0005,76.5,62.0863
42708,4,85,42.5,-70.756,21.7417,76.5,62.5113
42708,8,85,85,-72.1042,24.0415,76.5,62.5113
42708,7,42.5,85,-78.9719,40.7645,76.5,62.5113
42808,4,85,42.5,-70.989,22.1335,76.5,62.9363
42808,8,85,85,-71.8875,23.6444,76.5,62.9363
42808,7,42.5,85,-78.8972,40.5316,76.5,62.9363
42908,4,85,42.5,-71.2186,22.5265,76.5,63.3613
42908,8,85,85,-71.6676,23.2483,76.5,63.3613
42908,7,42.5,85,-78.8231,40.3018,76.5,63.3613
43008,4,85,42.5,-71.4449,22.9206,76.5,63.7863
43008,8,85,85,-71.4446,22.8533,76.5,63.7863
43008,7,42.5,85,-78.7496,40.0752,76.5,63.7863
43108,8,85,85,-71.2184,22.4593,76.5,64.2113
43108,4,85,42.5,-71.6679,23.3158,76.5,64.2113
43108,7,42.5,85,-78.6767,39.8519,76.5,64.2113
43208,8,85,85,-70.9888,22.0665,76.5,64.6363
43208,4,85,42.5,-71.8877,23.7121,76.5,64.6363
43208,7,42.5,85,-78.6045,39.6318,76.5,64.6363
43308,8,85,85,-70.7558,21.675,76.5,65.0613
43308,4,85,42.5,-72.1044,24.1093,76.5,65.0613
43308,7,42.5,85,-78.533,39.4151,76.5,65.0613
43408,8,85,85,-70.5193,21.2847,76.5,65.4863
43408,4,85,42.5,-72.3181,24.5075,76.5,65.4863
43408,7,42.5,85,-78.4623,39.2019,76.5,65.4863
43508,8,85,85,-70.2793,20.8957,76.5,65.9113
43508,4,85,42.5,-72.5288,24.9066,76.5,65.9113
43508,7,42.5,85,-78.3923,38.9921,76.5,65.9113
43608,8,85,85,-70.0357,20.5082,76.5,66.3363
43608,4,85,42.5,-72.7366,25.3065,76.5,66.3363
43608,7,42.5,85,-78.3231,38.7858,76.5,66.3363
43708,8,85,85,-69.7885,20.1222,76.5,66.7613
43708,4,85,42.5,-72.9415,25.7072,76.5,66.7613
43708,7,42.5,85,-78.2548,38.5831,76.5,66.7613
43808,8,85,85,-69.5375,19.7378,76.5,67.1863
43808,4,85,42.5,-73.1436,26.1086,76.5,67.1863
43808,7,42.5,85,-78.1873,38.384,76.5,67.1863
43908,8,85,85,-69.2827,19.3551,76.5,67.6113
43908,4,85,42.5,-73.343,26.5108,76.5,67.6113
43908,7,42.5,85,-78.1207,38.1886,76.5,67.6113
44008,8,85,85,-69.0241,18.9742,76.5,68.0363
44008,4,85,42.5,-73.5398,26.9138,76.5,68.0363
44008,7,42.5,85,-78.0551,37.997,76.5,68.0363
44108,8,85,85,-68.7615,18.5952,76.5,68.4613
44108,4,85,42.5,-73.7339,27.3173,76.5,68.4613
44108,7,42.5,85,-77.9904,37.8091,76.5,68.4613
44208,8,85,85,-68.495,18.2182,76.5,68.8863
44208,4,85,42.5,-73.9255,27.7216,76.5,68.8863
44208,7,42.5,85,-77.9268,37.6252,76.5,68.8863
44308,8,85,85,-68.2245,17.8434,76.5,69.3113
44308,4,85,42.5,-74.1146,28.1264,76.5,69.3113
44308,7,42.5,85,-77.8642,37.4451,76.5,69.3113
44408,8,85,85,-67.95,17.4709,76.5,69.7363
44408,4,85,42.5,-74.3013,28.5318,76.5,69.7363
44408,7,42.5,85,-77.8027,37.269,76.5,69.7363
44508,8,85,85,-67.6714,17.1008,76.5,70.1613
44508,4,85,42.5,-74.4855,28.9378,76.5,70.1613
44508,7,42.5,85,-77.7423,37.097,76.5,70.1613
44608,8,85,85,-67.3888,16.7334,76.5,70.5863
44608,4,85,42.5,-74.6675,29.3443,76.5,70.5863
44608,7,42.5,85,-77.6831,36.9291,76.5,70.5863
44708,8,85,85,-67.102,16.3687,76.5,71.0113
44708,4,85,42.5,-74.8472,29.7513,76.5,71.0113
44708,7,42.5,85,-77.6251,36.7653,76.5,71.0113
44808,8,85,85,-66.8113,16.007,76.5,71.4363
44808,4,85,42.5,-75.0246,30.1589,76.5,71.4363
44808,7,42.5,85,-77.5683,36.6057,76.5,71.4363
44908,8,85,85,-66.5165,15.6485,76.5,71.8613
44908,4,85,42.5,-75.1999,30.5669,76.5,71.8613
44908,7,42.5,85,-77.5128,36.4503,76.5,71.8613
45008,8,85,85,-66.2178,15.2934,76.5,72.2863
45008,4,85,42.5,-75.373,30.9753,76.5,72.2863
45008,7,42.5,85,-77.4586,36.2993,76.5,72.2863
45108,8,85,85,-65.9152,14.942,76.5,72.7113
45108,4,85,42.5,-75.544,31.3842,76.5,72.7113
45108,7,42.5,85,-77.4057,36.1526,76.5,72.7113
45208,8,85,85,-65.6089,14.5945,76.5,73.1363
45208,4,85,42.5,-75.713,31.7936,76.5,73.1363
45208,7,42.5,85,-77.3542,36.0104,76.5,73.1363
45308,8,85,85,-65.299,14.2511,76.5,73.5613
45308,4,85,42.5,-75.88,32.2033,76.5,73.5613
45308,7,42.5,85,-77.3042,35.8726,76.5,73.5613
45408,8,85,85,-64.9858,13.9123,76.5,73.9863
45408,4,85,42.5,-76.0451,32.6134,76.5,73.9863
45408,7,42.5,85,-77.2556,35.7394,76.5,73.9863
45508,8,85,85,-64.6695,13.5783,76.5,74.4113
45508,4,85,42.5,-76.2082,33.0239,76.5,74.4113
45508,7,42.5,85,-77.2084,35.6107,76.5,74.4113
45608,8,85,85,-64.3504,13.2496,76.5,74.8363
45608,4,85,42.5,-76.3695,33.4348,76.5,74.8363
45608,7,42.5,85,-77.1628,35.4866,76.5,74.8363
45708,8,85,85,-64.0288,12.9265,76.5,75.2613
45708,4,85,42.5,-76.5289,33.846,76.5,75.2613
45708,7,42.5,85,-77.1188,35.3673,76.5,75.2613
45808,8,85,85,-63.7054,12.6094,76.5,75.6863
45808,4,85,42.5,-76.6865,34.2575,76.5,75.6863
45808,7,42.5,85,-77.0764,35.2526,76.5,75.6863
45908,8,85,85,-63.3805,12.2988,76.5,76.1113
45908,4,85,42.5,-76.8423,34.6694,76.5,76.1113
45908,7,42.5,85,-77.0355,35.1427,76.5,76.1113
46008,8,85,85,-63.0551,12.0208,76.5,76.5
46008,4,85,42.5,-76.9964,35.0464,76.5,76.5
46008,7,42.5,85,-76.9964,35.0464,76.5,76.5
46108,8,85,85,-63.0551,12.0208,76.5,76.5
46108,4,85,42.5,-76.9964,35.0464,76.5,76.5
46108,7,42.5,85,-76.9964,35.0464,76.5,76.5
46208,8,85,85,-63.0551,12.0208,76.5,76.5
46208,4,85,42.5,-76.9964,35.0464,76.5,76.5
46208,7,42.5,85,-76.9964,35.0464,76.5,76.5
46308,8,85,85,-63.0551,12.0208,76.5,76.5
46308,4,85,42.5,-76.9964,35.0464,76.5,76.5
46308,7,42.5,85,-76.9964,35.0464,76.5,76.5
46408,8,85,85,-63.0551,12.0208,76.5,76.5
46408,4,85,42.5,-76.9964,35.0464,76.5,76.5
46408,7,42.5,85,-76.9964,35.0464,76.5,76.5
46508,8,85,85,-63.0551,12.0208,76.5,76.5
46508,4,85,42.5,-76.9964,35.0464,76.5,76.5
46508,7,42.5,85,-76.9964,35.0464,76.5,76.5
46608,8,85,85,-63.0551,12.0208,76.5,76.5
46608,4,85,42.5,-76.9964,35.0464,76.5,76.5
46608,7,42.5,85,-76.9964,35.0464,76.5,76.5
46708,8,85,85,-63.0551,12.0208,76.5,76.5
46708,4,85,42.5,-76.9964,35.0464,76.5,76.5
46708,7,42.5,85,-76.9964,35.0464,76.5,76.5
46808,8,85,85,-63.0551,12.0208,76.5,76.5
46808,4,85,42.5,-76.9964,35.0464,76.5,76.5
46808,7,42.5,85,-76.9964,35.0464,76.5,76.5
46908,8,85,85,-63.0551,12.0208,76.5,76.5
46908,4,85,42.5,-76.9964,35.0464,76.5,76.5
46908,7,42.5,85,-76.9964,35.0464,76.5,76.5
47008,8,85,85,-63.0551,12.0208,76.5,76.5
47008,4,85,42.5,-76.9964,35.0464,76.5,76.5
47008,7,42.5,85,-76.9964,35.0464,76.5,76.5
47108,8,85,85,-63.0551,12.0208,76.5,76.5
47108,4,85,42.5,-76.9964,35.0464,76.5,76.5
47108,7,42.5,85,-76.9964,35.0464,76.5,76.5
47208,8,85,85,-63.0551,12.0208,76.5,76.5
47208,4,85,42.5,-76.9964,35.0464,76.5,76.5
47208,7,42.5,85,-76.9964,35.0464,76.5,76.5
47308,8,85,85,-63.0551,12.0208,76.5,76.5
47308,4,85,42.5,-76.9964,35.0464,76.5,76.5
47308,7,42.5,85,-76.9964,35.0464,76.5,76.5
47408,8,85,85,-63.0551,12.0208,76.5,76.5
47408,4,85,42.5,-76.9964,35.0464,76.5,76.5
47408,7,42.5,85,-76.9964,35.0464,76.5,76.5
47508,8,85,85,-63.0551,12.0208,76.5,76.5
47508,4,85,42.5,-76.9964,35.0464,76.5,76.5
47508,7,42.5,85,-76.9964,35.0464,76.5,76.5
47608,8,85,85,-63.0551,12.0208,76.5,76.5
47608,4,85,42.5,-76.9964,35.0464,76.5,76.5
47608,7,42.5,85,-76.9964,35.0464,76.5,76.5
47708,8,85,85,-63.0551,12.0208,76.5,76.5
47708,4,85,42.5,-76.9964,35.0464,76.5,76.5
47708,7,42.5,85,-76.9964,35.0464,76.5,76.5
47808,8,85,85,-63.0551,12.0208,76.5,76.5
47808,4,85,42.5,-76.9964,35.0464,76.5,76.5
47808,7,42.5,85,-76.9964,35.0464,76.5,76.5
47908,8,85,85,-63.0551,12.0208,76.5,76.5
47908,4,85,42.5,-76.9964,35.0464,76.5,76.5
47908,7,42.5,85,-76.9964,35.0464,76.5,76.5
48008,8,85,85,-63.0551,12.0208,76.5,76.5
48008,4,85,42.5,-76.9964,35.0464,76.5,76.5
48008,7,42.5,85,-76.9964,35.0464,76.5,76.5
48108,8,85,85,-63.0551,12.0208,76.5,76.5
48108,4,85,42.5,-76.9964,35.0464,76.5,76.5
48108,7,42.5,85,-76.9964,35.0464,76.5,76.5
48208,8,85,85,-63.0551,12.0208,76.5,76.5
48208,4,85,42.5,-76.9964,35.0464,76.5,76.5
48208,7,42.5,85,-76.9964,35.0464,76.5,76.5
48308,8,85,85,-63.0551,12.0208,76.5,76.5
48308,4,85,42.5,-76.9964,35.0464,76.5,76.5
48308,7,42.5,85,-76.9964,35.0464,76.5,76.5
48408,8,85,85,-63.0551,12.0208,76.5,76.5
48408,4,85,42.5,-76.9964,35.0464,76.5,76.5
48408,7,42.5,85,-76.9964,35.0464,76.5,76.5
48508,8,85,85,-63.0551,12.0208,76.5,76.5
48508,4,85,42.5,-76.9964,35.0464,76.5,76.5
48508,7,42.5,85,-76.9964,35.0464,76.5,76.5
48608,8,85,85,-63.0551,12.0208,76.5,76.5
48608,4,85,42.5,-76.9964,35.0464,76.5,76.5
48608,7,42.5,85,-76.9964,35.0464,76.5,76.5
48708,8,85,85,-63.0551,12.0208,76.5,76.5
48708,4,85,42.5,-76.9964,35.0464,76.5,76.5
48708,7,42.5,85,-76.9964,35.0464,76.5,76.5
48808,8,85,85,-63.0551,12.0208,76.5,76.5
48808,4,85,42.5,-76.9964,35.0464,76.5,76.5
48808,7,42.5,85,-76.9964,35.0464,76.5,76.5
48908,8,85,85,-63.0551,12.0208,76.5,76.5
48908,4,85,42.5,-76.9964,35.0464,76.5,76.5
48908,7,42.5,85,-76.9964,35.0464,76.5,76.5
49008,8,85,85,-63.0551,12.0208,76.5,76.5
49008,4,85,42.5,-76.9964,35.0464,76.5,76.5
49008,7,42.5,85,-76.9964,35.0464,76.5,76.5
49108,8,85,85,-63.0551,12.0208,76.5,76.5
49108,4,85,42.5,-76.9964,35.0464,76.5,76.5
49108,7,42.5,85,-76.9964,35.0464,76.5,76.5
49208,8,85,85,-63.0551,12.0208,76.5,76.5
49208,4,85,42.5,-76.9964,35.0464,76.5,76.5
49208,7,42.5,85,-76.9964,35.0464,76.5,76.5
49308,8,85,85,-63.0551,12.0208,76.5,76.5
49308,4,85,42.5,-76.9964,35.0464,76.5,76.5
49308,7,42.5,85,-76.9964,35.0464,76.5,76.5
49408,8,85,85,-63.0551,12.0208,76.5,76.5
49408,4,85,42.5,-76.9964,35.0464,76.5,76.5
49408,7,42.5,85,-76.9964,35.0464,76.5,76.5
49508,8,85,85,-63.0551,12.0208,76.5,76.5
49508,4,85,42.5,-76.9964,35.0464,76.5,76.5
49508,7,42.5,85,-76.9964,35.0464,76.5,76.5
49608,8,85,85,-63.0551,12.0208,76.5,76.5
49608,4,85,42.5,-76.9964,35.0464,76.5,76.5
49608,7,42.5,85,-76.9964,35.0464,76.5,76.5
49708,8,85,85,-63.0551,12.0208,76.5,76.5
49708,4,85,42.5,-76.9964,35.0464,76.5,76.5
49708,7,42.5,85,-76.9964,35.0464,76.5,76.5
49808,8,85,85,-63.0551,12.0208,76.5,76.5
49808,4,85,42.5,-76.9964,35.0464,76.5,76.5
49808,7,42.5,85,-76.9964,35.0464,76.5,76.5
49908,8,85,85,-63.0551,12.0208,76.5,76.5
49908,4,85,42.5,-76.9964,35.0464,76.5,76.5
49908,7,42.5,85,-76.9964,35.0464,76.5,76.5
50008,8,85,85,-63.0553,12.0465,76.4637,76.5
50008,4,85,42.5,-76.9964,35.0552,76.4637,76.5
50008,7,42.5,85,-76.9963,35.0112,76.4637,76.5
50108,8,85,85,-63.3809,12.3513,76.0387,76.5
50108,7,42.5,85,-76.8422,34.5991,76.0387,76.5
50108,4,85,42.5,-77.0356,35.1611,76.0387,76.5
50208,8,85,85,-63.7057,12.663,75.6137,76.5
50208,7,42.5,85,-76.6863,34.1873,75.6137,76.5
50208,4,85,42.5,-77.0764,35.2718,75.6137,76.5
50308,8,85,85,-64.0292,12.9812,75.1887,76.5
50308,7,42.5,85,-76.5287,33.7758,75.1887,76.5
50308,4,85,42.5,-77.1188,35.3873,75.1887,76.5
50408,8,85,85,-64.3507,13.3053,74.7637,76.5
50408,7,42.5,85,-76.3693,33.3646,74.7637,76.5
50408,4,85,42.5,-77.1629,35.5075,74.7637,76.5
50508,8,85,85,-64.6698,13.635,74.3387,76.5
50508,7,42.5,85,-76.208,32.9538,74.3387,76.5
50508,4,85,42.5,-77.2085,35.6323,74.3387,76.5
50608,8,85,85,-64.9861,13.9698,73.9137,76.5
50608,7,42.5,85,-76.0449,32.5434,73.9137,76.5
50608,4,85,42.5,-77.2556,35.7618,73.9137,76.5
50708,8,85,85,-65.2993,14.3094,73.4887,76.5
50708,7,42.5,85,-75.8799,32.1334,73.4887,76.5
50708,4,85,42.5,-77.3042,35.8958,73.4887,76.5
50808,8,85,85,-65.6092,14.6535,73.0637,76.5
50808,7,42.5,85,-75.7129,31.7237,73.0637,76.5
50808,4,85,42.5,-77.3543,36.0343,73.0637,76.5
50908,8,85,85,-65.9155,15.0017,72.6387,76.5
50908,7,42.5,85,-75.5439,31.3144,72.6387,76.5
50908,4,85,42.5,-77.4058,36.1773,72.6387,76.5
51008,8,85,85,-66.2181,15.3538,72.2137,76.5
51008,7,42.5,85,-75.3728,30.9056,72.2137,76.5
51008,4,85,42.5,-77.4586,36.3248,72.2137,76.5
51108,8,85,85,-66.5168,15.7095,71.7887,76.5
51108,7,42.5,85,-75.1997,30.4972,71.7887,76.5
51108,4,85,42.5,-77.5128,36.4765,71.7887,76.5
51208,8,85,85,-66.8116,16.0685,71.3637,76.5
51208,7,42.5,85,-75.0244,30.0893,71.3637,76.5
51208,4,85,42.5,-77.5684,36.6326,71.3637,76.5
51308,8,85,85,-67.1023,16.4307,70.9387,76.5
51308,7,42.5,85,-74.847,29.6819,70.9387,76.5
51308,4,85,42.5,-77.6252,36.7929,70.9387,76.5
51408,8,85,85,-67.3891,16.7959,70.5137,76.5
51408,7,42.5,85,-74.6673,29.2749,70.5137,76.5
51408,4,85,42.5,-77.6832,36.9574,70.5137,76.5
51508,8,85,85,-67.6717,17.1638,70.0887,76.5
51508,7,42.5,85,-74.4854,28.8685,70.0887,76.5
51508,4,85,42.5,-77.7424,37.1261,70.0887,76.5
51608,8,85,85,-67.9503,17.5343,69.6637,76.5
51608,7,42.5,85,-74.3011,28.4626,69.6637,76.5
51608,4,85,42.5,-77.8028,37.2988,69.6637,76.5
51708,8,85,85,-68.2248,17.9072,69.2387,76.5
51708,7,42.5,85,-74.1144,28.0573,69.2387,76.5
51708,4,85,42.5,-77.8643,37.4756,69.2387,76.5
51808,8,85,85,-68.4953,18.2824,68.8137,76.5
51808,7,42.5,85,-73.9253,27.6525,68.8137,76.5
51808,4,85,42.5,-77.9269,37.6563,68.8137,76.5
51908,8,85,85,-68.7618,18.6597,68.3887,76.5
51908,7,42.5,85,-73.7337,27.2484,68.3887,76.5
51908,4,85,42.5,-77.9905,37.8409,68.3887,76.5
52008,8,85,85,-69.0243,19.039,67.9637,76.5
52008,7,42.5,85,-73.5396,26.845,67.9637,76.5
52008,4,85,42.5,-78.0552,38.0294,67.9637,76.5
52108,8,85,85,-69.283,19.4202,67.5387,76.5
52108,7,42.5,85,-73.3428,26.4422,67.5387,76.5
52108,4,85,42.5,-78.1208,38.2217,67.5387,76.5
52208,8,85,85,-69.5378,19.8032,67.1137,76.5
52208,7,42.5,85,-73.1434,26.0401,67.1137,76.5
52208,4,85,42.5,-78.1873,38.4177,67.1137,76.5
52308,8,85,85,-69.7887,20.1879,66.6887,76.5
52308,7,42.5,85,-72.9413,25.6387,66.6887,76.5
52308,4,85,42.5,-78.2548,38.6174,66.6887,76.5
52408,8,85,85,-70.036,20.5742,66.2637,76.5
52408,7,42.5,85,-72.7363,25.2382,66.2637,76.5
52408,4,85,42.5,-78.3232,38.8207,66.2637,76.5
52508,8,85,85,-70.2796,20.962,65.8387,76.5
52508,7,42.5,85,-72.5286,24.8384,65.8387,76.5
52508,4,85,42.5,-78.3924,39.0276,65.8387,76.5
52608,8,85,85,-70.5195,21.3511,65.4137,76.5
52608,7,42.5,85,-72.3179,24.4395,65.4137,76.5
52608,4,85,42.5,-78.4623,39.238,65.4137,76.5
52708,8,85,85,-70.756,21.7417,64.9887,76.5
52708,7,42.5,85,-72.1042,24.0415,64.9887,76.5
52708,4,85,42.5,-78.5331,39.4519,64.9887,76.5
52808,8,85,85,-70.989,22.1335,64.5637,76.5
52808,7,42.5,85,-71.8875,23.6444,64.5637,76.5
52808,4,85,42.5,-78.6046,39.6691,64.5637,76.5
52908,8,85,85,-71.2186,22.5265,64.1387,76.5
52908,7,42.5,85,-71.6676,23.2483,64.1387,76.5
52908,4,85,42.5,-78.6768,39.8897,64.1387,76.5
53008,7,42.5,85,-71.4446,22.8533,63.7137,76.5
53008,8,85,85,-71.4449,22.9206,63.7137,76.5
53008,4,85,42.5,-78.7497,40.1136,63.7137,76.5
53108,7,42.5,85,-71.2184,22.4593,63.2887,76.5
53108,8,85,85,-71.6679,23.3158,63.2887,76.5
53108,4,85,42.5,-78.8232,40.3408,63.2887,76.5
53208,7,42.5,85,-70.9888,22.0665,62.8637,76.5
53208,8,85,85,-71.8877,23.7121,62.8637,76.5
53208,4,85,42.5,-78.8973,40.5711,62.8637,76.5
53308,7,42.5,85,-70.7558,21.675,62.4387,76.5
53308,8,85,85,-72.1044,24.1093,62.4387,76.5
53308,4,85,42.5,-78.972,40.8045,62.4387,76.5
53408,7,42.5,85,-70.5193,21.2847,62.0137,76.5
53408,8,85,85,-72.3181,24.5075,62.0137,76.5
53408,4,85,42.5,-79.0472,41.0411,62.0137,76.5
53508,7,42.5,85,-70.2793,20.8957,61.5887,76.5
53508,8,85,85,-72.5288,24.9066,61.5887,76.5
53508,4,85,42.5,-79.123,41.2806,61.5887,76.5
53608,7,42.5,85,-70.0357,20.5082,61.1637,76.5
53608,8,85,85,-72.7366,25.3065,61.1637,76.5
53608,4,85,42.5,-79.1993,41.5231,61.1637,76.5
53708,7,42.5,85,-69.7885,20.1222,60.7387,76.5
53708,8,85,85,-72.9415,25.7072,60.7387,76.5
53708,4,85,42.5,-79.276,41.7685,60.7387,76.5
53808,7,42.5,85,-69.5375,19.7378,60.3137,76.5
53808,8,85,85,-73.1436,26.1086,60.3137,76.5
53808,4,85,42.5,-79.3532,42.0168,60.3137,76.5
53908,7,42.5,85,-69.2827,19.3551,59.8887,76.5
53908,8,85,85,-73.343,26.5108,59.8887,76.5
53908,4,85,42.5,-79.4308,42.2679,59.8887,76.5
54008,7,42.5,85,-69.0241,18.9742,59.4637,76.5
54008,8,85,85,-73.5398,26.9138,59.4637,76.5
54008,4,85,42.5,-79.5088,42.5218,59.4637,76.5
54108,7,42.5,85,-68.7615,18.5952,59.0387,76.5
54108,8,85,85,-73.7339,27.3173,59.0387,76.5
54108,4,85,42.5,-79.5872,42.7783,59.0387,76.5
54208,7,42.5,85,-68.495,18.2182,58.6137,76.5
54208,8,85,85,-73.9255,27.7216,58.6137,76.5
54208,4,85,42.5,-79.6659,43.0376,58.6137,76.5
54308,7,42.5,85,-68.2245,17.8434,58.1887,76.5
54308,8,85,85,-74.1146,28.1264,58.1887,76.5
54308,4,85,42.5,-79.7449,43.2995,58.1887,76.5
54408,7,42.5,85,-67.95,17.4709,57.7637,76.5
54408,8,85,85,-74.3013,28.5318,57.7637,76.5
54408,4,85,42.5,-79.8242,43.5639,57.7637,76.5
54508,7,42.5,85,-67.6714,17.1008,57.3387,76.5
54508,8,85,85,-74.4855,28.9378,57.3387,76.5
54508,4,85,42.5,-79.9037,43.8309,57.3387,76.5
54608,7,42.5,85,-67.3888,16.7334,56.9137,76.5
54608,8,85,85,-74.6675,29.3443,56.9137,76.5
54608,4,85,42.5,-79.9836,44.1003,56.9137,76.5
54708,7,42.5,85,-67.102,16.3687,56.4887,76.5
54708,8,85,85,-74.8472,29.7513,56.4887,76.5
54708,4,85,42.5,-80.0636,44.3722,56.4887,76.5
54808,7,42.5,85,-66.8113,16.007,56.0637,76.5
54808,8,85,85,-75.0246,30.1589,56.0637,76.5
54808,4,85,42.5,-80.1439,44.6465,56.0637,76.5
54908,7,42.5,85,-66.5165,15.6485,55.6387,76.5
54908,8,85,85,-75.1999,30.5669,55.6387,76.5
54908,4,85,42.5,-80.2244,44.9231,55.6387,76.5
55008,7,42.5,85,-66.2178,15.2934,55.2137,76.5
55008,8,85,85,-75.373,30.9753,55.2137,76.5
55008,4,85,42.5,-80.305,45.202,55.2137,76.5
55108,7,42.5,85,-65.9152,14.942,54.7887,76.5
55108,8,85,85,-75.544,31.3842,54.7887,76.5
55108,4,85,42.5,-80.3858,45.4832,54.7887,76.5
55208,7,42.5,85,-65.6089,14.5945,54.3637,76.5
55208,8,85,85,-75.713,31.7936,54.3637,76.5
55208,4,85,42.5,-80.4667,45.7666,54.3637,76.5
55308,7,42.5,85,-65.299,14.2511,53.9387,76.5
55308,8,85,85,-75.88,32.2033,53.9387,76.5
55308,4,85,42.5,-80.5477,46.0522,53.9387,76.5
55408,7,42.5,85,-64.9858,13.9123,53.5137,76.5
55408,8,85,85,-76.0451,32.6134,53.5137,76.5
55408,4,85,42.5,-80.6289,46.3399,53.5137,76.5
55508,7,42.5,85,-64.6695,13.5783,53.0887,76.5
55508,8,85,85,-76.2082,33.0239,53.0887,76.5
55508,4,85,42.5,-80.7101,46.6297,53.0887,76.5
55608,7,42.5,85,-64.3504,13.2496,52.6637,76.5
55608,8,85,85,-76.3695,33.4348,52.6637,76.5
55608,4,85,42.5,-80.7914,46.9216,52.6637,76.5
55708,7,42.5,85,-64.0288,12.9265,52.2387,76.5
55708,8,85,85,-76.5289,33.846,52.2387,76.5
55708,4,85,42.5,-80.8727,47.2155,52.2387,76.5
55808,7,42.5,85,-63.7054,12.6094,51.8137,76.5
55808,8,85,85,-76.6865,34.2575,51.8137,76.5
55808,4,85,42.5,-80.9541,47.5113,51.8137,76.5
55908,7,42.5,85,-63.3805,12.2988,51.3887,76.5
55908,8,85,85,-76.8423,34.6694,51.3887,76.5
55908,4,85,42.5,-81.0355,47.8092,51.3887,76.5
56008,7,42.5,85,-63.055,11.9952,50.9637,76.5
56008,8,85,85,-76.9965,35.0816,50.9637,76.5
56008,4,85,42.5,-81.117,48.1089,50.9637,76.5
56108,7,42.5,85,-62.7294,11.6992,50.5387,76.5
56108,8,85,85,-77.1489,35.4941,50.5387,76.5
56108,4,85,42.5,-81.1984,48.4105,50.5387,76.5
56108,6,0,85,-81.9566,51.2486,50.5387,76.5
56208,7,42.5,85,-62.4047,11.4114,50.1137,76.5
56208,8,85,85,-77.2997,35.9068,50.1137,76.5
56208,4,85,42.5,-81.2798,48.714,50.1137,76.5
56208,6,0,85,-81.8497,50.8295,50.1137,76.5
56308,7,42.5,85,-62.0819,11.1323,49.6887,76.5
56308,8,85,85,-77.4489,36.3199,49.6887,76.5
56308,4,85,42.5,-81.3612,49.0192,49.6887,76.5
56308,6,0,85,-81.7419,50.4105,49.6887,76.5
56408,7,42.5,85,-61.7622,10.8627,49.2637,76.5
56408,8,85,85,-77.5964,36.7332,49.2637,76.5
56408,4,85,42.5,-81.4425,49.3263,49.2637,76.5
56408,6,0,85,-81.6333,49.9917,49.2637,76.5
56508,7,42.5,85,-61.4468,10.6033,48.8387,76.5
56508,8,85,85,-77.7424,37.1468,48.8387,76.5
56508,4,85,42.5,-81.5239,49.635,48.8387,76.5
56508,6,0,85,-81.5238,49.5729,48.8387,76.5
56608,7,42.5,85,-61.1373,10.3548,48.4137,76.5
56608,8,85,85,-77.8869,37.5607,48.4137,76.5
56608,6,0,85,-81.4133,49.1543,48.4137,76.5
56608,4,85,42.5,-81.6051,49.9455,48.4137,76.5
56708,7,42.5,85,-60.8353,10.1181,47.9887,76.5
56708,8,85,85,-78.0299,37.9748,47.9887,76.5
56708,6,0,85,-81.302,48.7357,47.9887,76.5
56708,4,85,42.5,-81.6863,50.2577,47.9887,76.5
56808,7,42.5,85,-60.5426,9.89402,47.5637,76.5
56808,8,85,85,-78.1714,38.3891,47.5637,76.5
56808,6,0,85,-81.1897,48.3173,47.5637,76.5
56808,4,85,42.5,-81.7674,50.5715,47.5637,76.5
56908,7,42.5,85,-60.2612,9.68339,47.1387,76.5
56908,8,85,85,-78.3115,38.8037,47.1387,76.5
56908,6,0,85,-81.0765,47.899,47.1387,76.5
56908,4,85,42.5,-81.8484,50.8869,47.1387,76.5
57008,7,42.5,85,-59.9932,9.48713,46.7137,76.5
57008,8,85,85,-78.4501,39.2185,46.7137,76.5
57008,6,0,85,-80.9624,47.4808,46.7137,76.5
57008,4,85,42.5,-81.9293,51.2039,46.7137,76.5
57108,7,42.5,85,-59.7408,9.30616,46.2887,76.5
57108,8,85,85,-78.5874,39.6335,46.2887,76.5
57108,6,0,85,-80.8472,47.0627,46.2887,76.5
57208,7,42.5,85,-59.5064,9.14138,45.8637,76.5
57208,8,85,85,-78.7233,40.0487,45.8637,76.5
57208,6,0,85,-80.7311,46.6448,45.8637,76.5
57308,7,42.5,85,-59.2924,8.99368,45.4387,76.5
57308,8,85,85,-78.8578,40.4641,45.4387,76.5
57308,6,0,85,-80.6139,46.2269,45.4387,76.5
57408,7,42.5,85,-59.101,8.86391,45.0137,76.5
57408,8,85,85,-78.9911,40.8797,45.0137,76.5
57408,6,0,85,-80.4958,45.8093,45.0137,76.5
57508,7,42.5,85,-58.9345,8.75288,44.5887,76.5
57508,8,85,85,-79.1231,41.2955,44.5887,76.5
57508,6,0,85,-80.3766,45.3917,44.5887,76.5
57608,7,42.5,85,-58.7951,8.6613,44.1637,76.5
57608,8,85,85,-79.2537,41.7115,44.1637,76.5
57608,6,0,85,-80.2563,44.9743,44.1637,76.5
57708,7,42.5,85,-58.6846,8.58979,43.7387,76.5
57708,8,85,85,-79.3832,42.1277,43.7387,76.5
57708,6,0,85,-80.1349,44.557,43.7387,76.5
57808,7,42.5,85,-58.6045,8.53886,43.3137,76.5
57808,8,85,85,-79.5114,42.544,43.3137,76.5
57808,6,0,85,-80.0125,44.1399,43.3137,76.5
57908,7,42.5,85,-58.5559,8.50889,42.8887,76.5
57908,8,85,85,-79.6385,42.9605,42.8887,76.5
57908,6,0,85,-79.8889,43.7229,42.8887,76.5
58008,7,42.5,85,-58.5397,8.50008,42.4637,76.5
58008,6,0,85,-79.7642,43.3061,42.4637,76.5
58008,8,85,85,-79.7643,43.3772,42.4637,76.5
58108,7,42.5,85,-58.5559,8.51251,42.0387,76.5
58108,6,0,85,-79.6383,42.8895,42.0387,76.5
58108,8,85,85,-79.889,43.7941,42.0387,76.5
58208,7,42.5,85,-58.6045,8.54608,41.6137,76.5
58208,6,0,85,-79.5113,42.473,41.6137,76.5
58208,8,85,85,-80.0126,44.2111,41.6137,76.5
58308,7,42.5,85,-58.6847,8.60055,41.1887,76.5
58308,6,0,85,-79.3831,42.0567,41.1887,76.5
58308,8,85,85,-80.135,44.6282,41.1887,76.5
58408,7,42.5,85,-58.7952,8.67552,40.7637,76.5
58408,6,0,85,-79.2536,41.6405,40.7637,76.5
58408,8,85,85,-80.2564,45.0455,40.7637,76.5
58508,7,42.5,85,-58.9347,8.77046,40.3387,76.5
58508,6,0,85,-79.1229,41.2246,40.3387,76.5
58508,8,85,85,-80.3767,45.4629,40.3387,76.5
58608,7,42.5,85,-59.1012,8.88475,39.9137,76.5
58608,6,0,85,-78.991,40.8088,39.9137,76.5
58608,8,85,85,-80.4959,45.8805,39.9137,76.5
58708,7,42.5,85,-59.2926,9.01763,39.4887,76.5
58708,6,0,85,-78.8577,40.3932,39.4887,76.5
58708,8,85,85,-80.6141,46.2982,39.4887,76.5
58808,7,42.5,85,-59.5066,9.16831,39.0637,76.5
58808,6,0,85,-78.7231,39.9778,39.0637,76.5
58808,8,85,85,-80.7312,46.7161,39.0637,76.5
58908,7,42.5,85,-59.7411,9.33591,38.6387,76.5
58908,6,0,85,-78.5872,39.5626,38.6387,76.5
58908,8,85,85,-80.8473,47.134,38.6387,76.5
59008,7,42.5,85,-59.9934,9.51956,38.2137,76.5
59008,6,0,85,-78.45,39.1477,38.2137,76.5
59008,8,85,85,-80.9625,47.5521,38.2137,76.5
59008,5,0,42.5,-81.9292,51.1497,38.2137,76.5
59108,7,42.5,85,-60.2615,9.71833,37.7887,76.5
59108,6,0,85,-78.3113,38.7329,37.7887,76.5
59108,8,85,85,-81.0766,47.9703,37.7887,76.5
59108,5,0,42.5,-81.8483,50.833,37.7887,76.5
59208,7,42.5,85,-60.5429,9.93132,37.3637,76.5
59208,6,0,85,-78.1713,38.3184,37.3637,76.5
59208,8,85,85,-81.1899,48.3887,37.3637,76.5
59208,5,0,42.5,-81.7673,50.5178,37.3637,76.5
59308,7,42.5,85,-60.8356,10.1576,36.9387,76.5
59308,6,0,85,-78.0298,37.9041,36.9387,76.5
59308,8,85,85,-81.3021,48.8071,36.9387,76.5
59308,5,0,42.5,-81.6862,50.2043,36.9387,76.5
59408,7,42.5,85,-61.1376,10.3964,36.5137,76.5
59408,6,0,85,-77.8868,37.49,36.5137,76.5
59408,8,85,85,-81.4135,49.2257,36.5137,76.5
59408,5,0,42.5,-81.605,49.8924,36.5137,76.5
59508,7,42.5,85,-61.4471,10.6468,36.0887,76.5
59508,6,0,85,-77.7423,37.0762,36.0887,76.5
59508,5,0,42.5,-81.5238,49.5822,36.0887,76.5
59508,8,85,85,-81.5239,49.6443,36.0887,76.5
59608,7,42.5,85,-61.7625,10.908,35.6637,76.5
59608,6,0,85,-77.5963,36.6627,35.6637,76.5
59608,5,0,42.5,-81.4425,49.2738,35.6637,76.5
59608,8,85,85,-81.6334,50.0631,35.6637,76.5
59708,7,42.5,85,-62.0822,11.1793,35.2387,76.5
59708,6,0,85,-77.4487,36.2494,35.2387,76.5
59708,5,0,42.5,-81.3611,48.967,35.2387,76.5
59708,8,85,85,-81.742,50.482,35.2387,76.5
59808,7,42.5,85,-62.405,11.4599,34.8137,76.5
59808,6,0,85,-77.2996,35.8364,34.8137,76.5
59808,5,0,42.5,-81.2797,48.6621,34.8137,76.5
59808,8,85,85,-81.8498,50.901,34.8137,76.5
59908,7,42.5,85,-62.7297,11.7491,34.3887,76.5
59908,6,0,85,-77.1488,35.4237,34.3887,76.5
59908,5,0,42.5,-81.1983,48.3589,34.3887,76.5
59908,8,85,85,-81.9567,51.3201,34.3887,76.5
60008,7,42.5,85,-63.0553,12.0465,33.9637,76.5
60008,6,0,85,-76.9963,35.0112,33.9637,76.5
60008,5,0,42.5,-81.1169,48.0576,33.9637,76.5
60108,7,42.5,85,-63.3809,12.3513,33.5387,76.5
60108,6,0,85,-76.8422,34.5991,33.5387,76.5
60108,5,0,42.5,-81.0354,47.7582,33.5387,76.5
60208,7,42.5,85,-63.7057,12.663,33.1137,76.5
60208,6,0,85,-76.6863,34.1873,33.1137,76.5
60208,5,0,42.5,-80.954,47.4607,33.1137,76.5
60308,7,42.5,85,-64.0292,12.9812,32.6887,76.5
60308,6,0,85,-76.5287,33.7758,32.6887,76.5
60308,5,0,42.5,-80.8726,47.1652,32.6887,76.5
60408,7,42.5,85,-64.3507,13.3053,32.2637,76.5
60408,6,0,85,-76.3693,33.3646,32.2637,76.5
60408,5,0,42.5,-80.7913,46.8716,32.2637,76.5
60508,7,42.5,85,-64.6698,13.635,31.8387,76.5
60508,6,0,85,-76.208,32.9538,31.8387,76.5
60508,5,0,42.5,-80.71,46.5801,31.8387,76.5
60608,7,42.5,85,-64.9861,13.9698,31.4137,76.5
60608,6,0,85,-76.0449,32.5434,31.4137,76.5
60608,5,0,42.5,-80.6288,46.2906,31.4137,76.5
60708,7,42.5,85,-65.2993,14.3094,30.9887,76.5
60708,6,0,85,-75.8799,32.1334,30.9887,76.5
60708,5,0,42.5,-80.5476,46.0033,30.9887,76.5
60808,7,42.5,85,-65.6092,14.6535,30.5637,76.5
60808,6,0,85,-75.7129,31.7237,30.5637,76.5
60808,5,0,42.5,-80.4666,45.7181,30.5637,76.5
60908,7,42.5,85,-65.9155,15.0017,30.1387,76.5
60908,6,0,85,-75.5439,31.3144,30.1387,76.5
60908,5,0,42.5,-80.3857,45.4351,30.1387,76.5
61008,7,42.5,85,-66.2181,15.3538,29.7137,76.5
61008,6,0,85,-75.3728,30.9056,29.7137,76.5
61008,5,0,42.5,-80.3049,45.1543,29.7137,76.5
61108,7,42.5,85,-66.5168,15.7095,29.2887,76.5
61108,6,0,85,-75.1997,30.4972,29.2887,76.5
61108,5,0,42.5,-80.2243,44.8757,29.2887,76.5
61208,7,42.5,85,-66.8116,16.0685,28.8637,76.5
61208,6,0,85,-75.0244,30.0893,28.8637,76.5
61208,5,0,42.5,-80.1438,44.5995,28.8637,76.5
61308,7,42.5,85,-67.1023,16.4307,28.4387,76.5
61308,6,0,85,-74.847,29.6819,28.4387,76.5
61308,5,0,42.5,-80.0635,44.3256,28.4387,76.5
61408,7,42.5,85,-67.3891,16.7959,28.0137,76.5
61408,6,0,85,-74.6673,29.2749,28.0137,76.5
61408,5,0,42.5,-79.9835,44.0542,28.0137,76.5
61508,7,42.5,85,-67.6717,17.1638,27.5887,76.5
61508,6,0,85,-74.4854,28.8685,27.5887,76.5
61508,5,0,42.5,-79.9037,43.7851,27.5887,76.5
61608,7,42.5,85,-67.9503,17.5343,27.1637,76.5
61608,6,0,85,-74.3011,28.4626,27.1637,76.5
61608,5,0,42.5,-79.8241,43.5186,27.1637,76.5
61708,7,42.5,85,-68.2248,17.9072,26.7387,76.5
61708,6,0,85,-74.1144,28.0573,26.7387,76.5
61708,5,0,42.5,-79.7448,43.2546,26.7387,76.5
61808,7,42.5,85,-68.4953,18.2824,26.3137,76.5
61808,6,0,85,-73.9253,27.6525,26.3137,76.5
61808,5,0,42.5,-79.6658,42.9932,26.3137,76.5
61908,7,42.5,85,-68.7618,18.6597,25.8887,76.5
61908,6,0,85,-73.7337,27.2484,25.8887,76.5
61908,5,0,42.5,-79.5871,42.7344,25.8887,76.5
62008,7,42.5,85,-69.0243,19.039,25.4637,76.5
62008,6,0,85,-73.5396,26.845,25.4637,76.5
62008,5,0,42.5,-79.5087,42.4783,25.4637,76.5
62108,7,42.5,85,-69.283,19.4202,25.0387,76.5
62108,6,0,85,-73.3428,26.4422,25.0387,76.5
62108,5,0,42.5,-79.4307,42.2249,25.0387,76.5
62208,7,42.5,85,-69.5378,19.8032,24.6137,76.5
62208,6,0,85,-73.1434,26.0401,24.6137,76.5
62208,5,0,42.5,-79.3531,41.9742,24.6137,76.5
62308,7,42.5,85,-69.7887,20.1879,24.1887,76.5
62308,6,0,85,-72.9413,25.6387,24.1887,76.5
62308,5,0,42.5,-79.276,41.7264,24.1887,76.5
62408,7,42.5,85,-70.036,20.5742,23.7637,76.5
62408,6,0,85,-72.7363,25.2382,23.7637,76.5
62408,5,0,42.5,-79.1992,41.4815,23.7637,76.5
62508,7,42.5,85,-70.2796,20.962,23.3387,76.5
62508,6,0,85,-72.5286,24.8384,23.3387,76.5
62508,5,0,42.5,-79.123,41.2395,23.3387,76.5
62608,7,42.5,85,-70.5195,21.3511,22.9137,76.5
62608,6,0,85,-72.3179,24.4395,22.9137,76.5
62608,5,0,42.5,-79.0472,41.0005,22.9137,76.5
62708,7,42.5,85,-70.756,21.7417,22.4887,76.5
62708,6,0,85,-72.1042,24.0415,22.4887,76.5
62708,5,0,42.5,-78.9719,40.7645,22.4887,76.5
62808,7,42.5,85,-70.989,22.1335,22.0637,76.5
62808,6,0,85,-71.8875,23.6444,22.0637,76.5
62808,5,0,42.5,-78.8972,40.5316,22.0637,76.5
62908,7,42.5,85,-71.2186,22.5265,21.6387,76.5
62908,6,0,85,-71.6676,23.2483,21.6387,76.5
62908,5,0,42.5,-78.8231,40.3018,21.6387,76.5
63008,6,0,85,-71.4446,22.8533,21.2137,76.5
63008,7,42.5,85,-71.4449,22.9206,21.2137,76.5
63008,5,0,42.5,-78.7496,40.0752,21.2137,76.5
63108,6,0,85,-71.2184,22.4593,20.7887,76.5
63108,7,42.5,85,-71.6679,23.3158,20.7887,76.5
63108,5,0,42.5,-78.6767,39.8519,20.7887,76.5
63208,6,0,85,-70.9888,22.0665,20.3637,76.5
63208,7,42.5,85,-71.8877,23.7121,20.3637,76.5
63208,5,0,42.5,-78.6045,39.6318,20.3637,76.5
63308,6,0,85,-70.7558,21.675,19.9387,76.5
63308,7,42.5,85,-72.1044,24.1093,19.9387,76.5
63308,5,0,42.5,-78.533,39.4151,19.9387,76.5
63408,6,0,85,-70.5193,21.2847,19.5137,76.5
63408,7,42.5,85,-72.3181,24.5075,19.5137,76.5
63408,5,0,42.5,-78.4623,39.2019,19.5137,76.5
63508,6,0,85,-70.2793,20.8957,19.0887,76.5
63508,7,42.5,85,-72.5288,24.9066,19.0887,76.5
63508,5,0,42.5,-78.3923,38.9921,19.0887,76.5
63608,6,0,85,-70.0357,20.5082,18.6637,76.5
63608,7,42.5,85,-72.7366,25.3065,18.6637,76.5
63608,5,0,42.5,-78.3231,38.7858,18.6637,76.5
63708,6,0,85,-69.7885,20.1222,18.2387,76.5
63708,7,42.5,85,-72.9415,25.7072,18.2387,76.5
63708,5,0,42.5,-78.2548,38.5831,18.2387,76.5
63808,6,0,85,-69.5375,19.7378,17.8137,76.5
63808,7,42.5,85,-73.1436,26.1086,17.8137,76.5
63808,5,0,42.5,-78.1873,38.384,17.8137,76.5
63908,6,0,85,-69.2827,19.3551,17.3887,76.5
63908,7,42.5,85,-73.343,26.5108,17.3887,76.5
63908,5,0,42.5,-78.1207,38.1886,17.3887,76.5
64008,6,0,85,-69.0241,18.9742,16.9637,76.5
64008,7,42.5,85,-73.5398,26.9138,16.9637,76.5
64008,5,0,42.5,-78.0551,37.997,16.9637,76.5
64108,6,0,85,-68.7615,18.5952,16.5387,76.5
64108,7,42.5,85,-73.7339,27.3173,16.5387,76.5
64108,5,0,42.5,-77.9904,37.8091,16.5387,76.5
64208,6,0,85,-68.495,18.2182,16.1137,76.5
64208,7,42.5,85,-73.9255,27.7216,16.1137,76.5
64208,5,0,42.5,-77.9268,37.6252,16.1137,76.5
64308,6,0,85,-68.2245,17.8434,15.6887,76.5
64308,7,42.5,85,-74.1146,28.1264,15.6887,76.5
64308,5,0,42.5,-77.8642,37.4451,15.6887,76.5
64408,6,0,85,-67.95,17.4709,15.2637,76.5
64408,7,42.5,85,-74.3013,28.5318,15.2637,76.5
64408,5,0,42.5,-77.8027,37.269,15.2637,76.5
64508,6,0,85,-67.6714,17.1008,14.8387,76.5
64508,7,42.5,85,-74.4855,28.9378,14.8387,76.5
64508,5,0,42.5,-77.7423,37.097,14.8387,76.5
64608,6,0,85,-67.3888,16.7334,14.4137,76.5
64608,7,42.5,85,-74.6675,29.3443,14.4137,76.5
64608,5,0,42.5,-77.6831,36.9291,14.4137,76.5
64708,6,0,85,-67.102,16.3687,13.9887,76.5
64708,7,42.5,85,-74.8472,29.7513,13.9887,76.5
64708,5,0,42.5,-77.6251,36.7653,13.9887,76.5
64808,6,0,85,-66.8113,16.007,13.5637,76.5
64808,7,42.5,85,-75.0246,30.1589,13.5637,76.5
64808,5,0,42.5,-77.5683,36.6057,13.5637,76.5
64908,6,0,85,-66.5165,15.6485,13.1387,76.5
64908,7,42.5,85,-75.1999,30.5669,13.1387,76.5
64908,5,0,42.5,-77.5128,36.4503,13.1387,76.5
65008,6,0,85,-66.2178,15.2934,12.7137,76.5
65008,7,42.5,85,-75.373,30.9753,12.7137,76.5
65008,5,0,42.5,-77.4586,36.2993,12.7137,76.5
65108,6,0,85,-65.9152,14.942,12.2887,76.5
65108,7,42.5,85,-75.544,31.3842,12.2887,76.5
65108,5,0,42.5,-77.4057,36.1526,12.2887,76.5
65208,6,0,85,-65.6089,14.5945,11.8637,76.5
65208,7,42.5,85,-75.713,31.7936,11.8637,76.5
65208,5,0,42.5,-77.3542,36.0104,11.8637,76.5
65308,6,0,85,-65.299,14.2511,11.4387,76.5
65308,7,42.5,85,-75.88,32.2033,11.4387,76.5
65308,5,0,42.5,-77.3042,35.8726,11.4387,76.5
65408,6,0,85,-64.9858,13.9123,11.0137,76.5
65408,7,42.5,85,-76.0451,32.6134,11.0137,76.5
65408,5,0,42.5,-77.2556,35.7394,11.0137,76.5
65508,6,0,85,-64.6695,13.5783,10.5887,76.5
65508,7,42.5,85,-76.2082,33.0239,10.5887,76.5
65508,5,0,42.5,-77.2084,35.6107,10.5887,76.5
65608,6,0,85,-64.3504,13.2496,10.1637,76.5
65608,7,42.5,85,-76.3695,33.4348,10.1637,76.5
65608,5,0,42.5,-77.1628,35.4866,10.1637,76.5
65708,6,0,85,-64.0288,12.9265,9.73875,76.5
65708,7,42.5,85,-76.5289,33.846,9.73875,76.5
65708,5,0,42.5,-77.1188,35.3673,9.73875,76.5
65808,6,0,85,-63.7054,12.6094,9.31375,76.5
65808,7,42.5,85,-76.6865,34.2575,9.31375,76.5
65808,5,0,42.5,-77.0764,35.2526,9.31375,76.5
65908,6,0,85,-63.3805,12.2988,8.88875,76.5
65908,7,42.5,85,-76.8423,34.6694,8.88875,76.5
65908,5,0,42.5,-77.0355,35.1427,8.88875,76.5
66008,6,0,85,-63.0551,12.0208,8.5,76.5
66008,5,0,42.5,-76.9964,35.0464,8.5,76.5
66008,7,42.5,85,-76.9964,35.0464,8.5,76.5
66108,6,0,85,-63.0551,12.0208,8.5,76.5
66108,5,0,42.5,-76.9964,35.0464,8.5,76.5
66108,7,42.5,85,-76.9964,35.0464,8.5,76.5
66208,6,0,85,-63.0551,12.0208,8.5,76.5
66208,5,0,42.5,-76.9964,35.0464,8.5,76.5
66208,7,42.5,85,-76.9964,35.0464,8.5,76.5
66308,6,0,85,-63.0551,12.0208,8.5,76.5
66308,5,0,42.5,-76.9964,35.0464,8.5,76.5
66308,7,42.5,85,-76.9964,35.0464,8.5,76.5
66408,6,0,85,-63.0551,12.0208,8.5,76.5
66408,5,0,42.5,-76.9964,35.0464,8.5,76.5
66408,7,42.5,85,-76.9964,35.0464,8.5,76.5
66508,6,0,85,-63.0551,12.0208,8.5,76.5
66508,5,0,42.5,-76.9964,35.0464,8.5,76.5
66508,7,42.5,85,-76.9964,35.0464,8.5,76.5
66608,6,0,85,-63.0551,12.0208,8.5,76.5
66608,5,0,42.5,-76.9964,35.0464,8.5,76.5
66608,7,42.5,85,-76.9964,35.0464,8.5,76.5
66708,6,0,85,-63.0551,12.0208,8.5,76.5
66708,5,0,42.5,-76.9964,35.0464,8.5,76.5
66708,7,42.5,85,-76.9964,35.0464,8.5,76.5
66808,6,0,85,-63.0551,12.0208,8.5,76.5
66808,5,0,42.5,-76.9964,35.0464,8.5,76.5
66808,7,42.5,85,-76.9964,35.0464,8.5,76.5
66908,6,0,85,-63.0551,12.0208,8.5,76.5
66908,5,0,42.5,-76.9964,35.0464,8.5,76.5
66908,7,42.5,85,-76.9964,35.0464,8.5,76.5
67008,6,0,85,-63.0551,12.0208,8.5,76.5
67008,5,0,42.5,-76.9964,35.0464,8.5,76.5
67008,7,42.5,85,-76.9964,35.0464,8.5,76.5
67108,6,0,85,-63.0551,12.0208,8.5,76.5
67108,5,0,42.5,-76.9964,35.0464,8.5,76.5
67108,7,42.5,85,-76.9964,35.0464,8.5,76.5
67208,6,0,85,-63.0551,12.0208,8.5,76.5
67208,5,0,42.5,-76.9964,35.0464,8.5,76.5
67208,7,42.5,85,-76.9964,35.0464,8.5,76.5
67308,6,0,85,-63.0551,12.0208,8.5,76.5
67308,5,0,42.5,-76.9964,35.0464,8.5,76.5
67308,7,42.5,85,-76.9964,35.0464,8.5,76.5
67408,6,0,85,-63.0551,12.0208,8.5,76.5
67408,5,0,42.5,-76.9964,35.0464,8.5,76.5
67408,7,42.5,85,-76.9964,35.0464,8.5,76.5
67508,6,0,85,-63.0551,12.0208,8.5,76.5
67508,5,0,42.5,-76.9964,35.0464,8.5,76.5
67508,7,42.5,85,-76.9964,35.0464,8.5,76.5
67608,6,0,85,-63.0551,12.0208,8.5,76.5
67608,5,0,42.5,-76.9964,35.0464,8.5,76.5
67608,7,42.5,85,-76.9964,35.0464,8.5,76.5
67708,6,0,85,-63.0551,12.0208,8.5,76.5
67708,5,0,42.5,-76.9964,35.0464,8.5,76.5
67708,7,42.5,85,-76.9964,35.0464,8.5,76.5
67808,6,0,85,-63.0551,12.0208,8.5,76.5
67808,5,0,42.5,-76.9964,35.0464,8.5,76.5
67808,7,42.5,85,-76.9964,35.0464,8.5,76.5
67908,6,0,85,-63.0551,12.0208,8.5,76.5
67908,5,0,42.5,-76.9964,35.0464,8.5,76.5
67908,7,42.5,85,-76.9964,35.0464,8.5,76.5
68008,6,0,85,-63.0551,12.0208,8.5,76.5
68008,5,0,42.5,-76.9964,35.0464,8.5,76.5
68008,7,42.5,85,-76.9964,35.0464,8.5,76.5
68108,6,0,85,-63.0551,12.0208,8.5,76.5
68108,5,0,42.5,-76.9964,35.0464,8.5,76.5
68108,7,42.5,85,-76.9964,35.0464,8.5,76.5
68208,6,0,85,-63.0551,12.0208,8.5,76.5
68208,5,0,42.5,-76.9964,35.0464,8.5,76.5
68208,7,42.5,85,-76.9964,35.0464,8.5,76.5
68308,6,0,85,-63.0551,12.0208,8.5,76.5
68308,5,0,42.5,-76.9964,35.0464,8.5,76.5
68308,7,42.5,85,-76.9964,35.0464,8.5,76.5
68408,6,0,85,-63.0551,12.0208,8.5,76.5
68408,5,0,42.5,-76.9964,35.0464,8.5,76.5
68408,7,42.5,85,-76.9964,35.0464,8.5,76.5
68508,6,0,85,-63.0551,12.0208,8.5,76.5
68508,5,0,42.5,-76.9964,35.0464,8.5,76.5
68508,7,42.5,85,-76.9964,35.0464,8.5,76.5
68608,6,0,85,-63.0551,12.0208,8.5,76.5
68608,5,0,42.5,-76.9964,35.0464,8.5,76.5
68608,7,42.5,85,-76.9964,35.0464,8.5,76.5
68708,6,0,85,-63.0551,12.0208,8.5,76.5
68708,5,0,42.5,-76.9964,35.0464,8.5,76.5
68708,7,42.5,85,-76.9964,35.0464,8.5,76.5
68808,6,0,85,-63.0551,12.0208,8.5,76.5
68808,5,0,42.5,-76.9964,35.0464,8.5,76.5
68808,7,42.5,85,-76.9964,35.0464,8.5,76.5
68908,6,0,85,-63.0551,12.0208,8.5,76.5
68908,5,0,42.5,-76.9964,35.0464,8.5,76.5
68908,7,42.5,85,-76.9964,35.0464,8.5,76.5
69008,6,0,85,-63.0551,12.0208,8.5,76.5
69008,5,0,42.5,-76.9964,35.0464,8.5,76.5
69008,7,42.5,85,-76.9964,35.0464,8.5,76.5
69108,6,0,85,-63.0551,12.0208,8.5,76.5
69108,5,0,42.5,-76.9964,35.0464,8.5,76.5
69108,7,42.5,85,-76.9964,35.0464,8.5,76.5
69208,6,0,85,-63.0551,12.0208,8.5,76.5
69208,5,0,42.5,-76.9964,35.0464,8.5,76.5
69208,7,42.5,85,-76.9964,35.0464,8.5,76.5
69308,6,0,85,-63.0551,12.0208,8.5,76.5
69308,5,0,42.5,-76.9964,35.0464,8.5,76.5
69308,7,42.5,85,-76.9964,35.0464,8.5,76.5
69408,6,0,85,-63.0551,12.0208,8.5,76.5
69408,5,0,42.5,-76.9964,35.0464,8.5,76.5
69408,7,42.5,85,-76.9964,35.0464,8.5,76.5
69508,6,0,85,-63.0551,12.0208,8.5,76.5
69508,5,0,42.5,-76.9964,35.0464,8.5,76.5
69508,7,42.5,85,-76.9964,35.0464,8.5,76.5
69608,6,0,85,-63.0551,12.0208,8.5,76.5
69608,5,0,42.5,-76.9964,35.0464,8.5,76.5
69608,7,42.5,85,-76.9964,35.0464,8.5,76.5
69708,6,0,85,-63.0551,12.0208,8.5,76.5
69708,5,0,42.5,-76.9964,35.0464,8.5,76.5
69708,7,42.5,85,-76.9964,35.0464,8.5,76.5
69808,6,0,85,-63.0551,12.0208,8.5,76.5
69808,5,0,42.5,-76.9964,35.0464,8.5,76.5
69808,7,42.5,85,-76.9964,35.0464,8.5,76.5
69908,6,0,85,-63.0551,12.0208,8.5,76.5
69908,5,0,42.5,-76.9964,35.0464,8.5,76.5
69908,7,42.5,85,-76.9964,35.0464,8.5,76.5
70008,6,0,85,-63.0553,12.0465,8.5,76.4637
70008,5,0,42.5,-76.9963,35.0112,8.5,76.4637
70008,7,42.5,85,-76.9964,35.0552,8.5,76.4637
70108,6,0,85,-63.3809,12.3513,8.5,76.0387
70108,5,0,42.5,-76.8422,34.5991,8.5,76.0387
70108,7,42.5,85,-77.0356,35.1611,8.5,76.0387
70208,6,0,85,-63.7057,12.663,8.5,75.6137
70208,5,0,42.5,-76.6863,34.1873,8.5,75.6137
70208,7,42.5,85,-77.0764,35.2718,8.5,75.6137
70308,6,0,85,-64.0292,12.9812,8.5,75.1887
70308,5,0,42.5,-76.5287,33.7758,8.5,75.1887
70308,7,42.5,85,-77.1188,35.3873,8.5,75.1887
70408,6,0,85,-64.3507,13.3053,8.5,74.7637
70408,5,0,42.5,-76.3693,33.3646,8.5,74.7637
70408,7,42.5,85,-77.1629,35.5075,8.5,74.7637
70508,6,0,85,-64.6698,13.635,8.5,74.3387
70508,5,0,42.5,-76.208,32.9538,8.5,74.3387
70508,7,42.5,85,-77.2085,35.6323,8.5,74.3387
70608,6,0,85,-64.9861,13.9698,8.5,73.9137
70608,5,0,42.5,-76.0449,32.5434,8.5,73.9137
70608,7,42.5,85,-77.2556,35.7618,8.5,73.9137
70708,6,0,85,-65.2993,14.3094,8.5,73.4887
70708,5,0,42.5,-75.8799,32.1334,8.5,73.4887
70708,7,42.5,85,-77.3042,35.8958,8.5,73.4887
70808,6,0,85,-65.6092,14.6535,8.5,73.0637
70808,5,0,42.5,-75.7129,31.7237,8.5,73.0637
70808,7,42.5,85,-77.3543,36.0343,8.5,73.0637
70908,6,0,85,-65.9155,15.0017,8.5,72.6387
70908,5,0,42.5,-75.5439,31.3144,8.5,72.6387
70908,7,42.5,85,-77.4058,36.1773,8.5,72.6387
71008,6,0,85,-66.2181,15.3538,8.5,72.2137
71008,5,0,42.5,-75.3728,30.9056,8.5,72.2137
71008,7,42.5,85,-77.4586,36.3248,8.5,72.2137
71108,6,0,85,-66.5168,15.7095,8.5,71.7887
71108,5,0,42.5,-75.1997,30.4972,8.5,71.7887
71108,7,42.5,85,-77.5128,36.4765,8.5,71.7887
71208,6,0,85,-66.8116,16.0685,8.5,71.3637
71208,5,0,42.5,-75.0244,30.0893,8.5,71.3637
71208,7,42.5,85,-77.5684,36.6326,8.5,71.3637
71308,6,0,85,-67.1023,16.4307,8.5,70.9387
71308,5,0,42.5,-74.847,29.6819,8.5,70.9387
71308,7,42.5,85,-77.6252,36.7929,8.5,70.9387
71408,6,0,85,-67.3891,16.7959,8.5,70.5137
71408,5,0,42.5,-74.6673,29.2749,8.5,70.5137
71408,7,42.5,85,-77.6832,36.9574,8.5,70.5137
71508,6,0,85,-67.6717,17.1638,8.5,70.0887
71508,5,0,42.5,-74.4854,28.8685,8.5,70.0887
71508,7,42.5,85,-77.7424,37.1261,8.5,70.0887
71608,6,0,85,-67.9503,17.5343,8.5,69.6637
71608,5,0,42.5,-74.3011,28.4626,8.5,69.6637
71608,7,42.5,85,-77.8028,37.2988,8.5,69.6637
71708,6,0,85,-68.2248,17.9072,8.5,69.2387
71708,5,0,42.5,-74.1144,28.0573,8.5,69.2387
71708,7,42.5,85,-77.8643,37.4756,8.5,69.2387
71808,6,0,85,-68.4953,18.2824,8.5,68.8137
71808,5,0,42.5,-73.9253,27.6525,8.5,68.8137
71808,7,42.5,85,-77.9269,37.6563,8.5,68.8137
71908,6,0,85,-68.7618,18.6597,8.5,68.3887
71908,5,0,42.5,-73.7337,27.2484,8.5,68.3887
71908,7,42.5,85,-77.9905,37.8409,8.5,68.3887
72008,6,0,85,-69.0243,19.039,8.5,67.9637
72008,5,0,42.5,-73.5396,26.845,8.5,67.9637
72008,7,42.5,85,-78.0552,38.0294,8.5,67.9637
72108,6,0,85,-69.283,19.4202,8.5,67.5387
72108,5,0,42.5,-73.3428,26.4422,8.5,67.5387
72108,7,42.5,85,-78.1208,38.2217,8.5,67.5387
72208,6,0,85,-69.5378,19.8032,8.5,67.1137
72208,5,0,42.5,-73.1434,26.0401,8.5,67.1137
72208,7,42.5,85,-78.1873,38.4177,8.5,67.1137
72308,6,0,85,-69.7887,20.1879,8.5,66.6887
72308,5,0,42.5,-72.9413,25.6387,8.5,66.6887
72308,7,42.5,85,-78.2548,38.6174,8.5,66.6887
72408,6,0,85,-70.036,20.5742,8.5,66.2637
72408,5,0,42.5,-72.7363,25.2382,8.5,66.2637
72408,7,42.5,85,-78.3232,38.8207,8.5,66.2637
72508,6,0,85,-70.2796,20.962,8.5,65.8387
72508,5,0,42.5,-72.5286,24.8384,8.5,65.8387
72508,7,42.5,85,-78.3924,39.0276,8.5,65.8387
72608,6,0,85,-70.5195,21.3511,8.5,65.4137
72608,5,0,42.5,-72.3179,24.4395,8.5,65.4137
72608,7,42.5,85,-78.4623,39.238,8.5,65.4137
72708,6,0,85,-70.756,21.7417,8.5,64.9887
72708,5,0,42.5,-72.1042,24.0415,8.5,64.9887
72708,7,42.5,85,-78.5331,39.4519,8.5,64.9887
72808,6,0,85,-70.989,22.1335,8.5,64.5637
72808,5,0,42.5,-71.8875,23.6444,8.5,64.5637
72808,7,42.5,85,-78.6046,39.6691,8.5,64.5637
72908,6,0,85,-71.2186,22.5265,8.5,64.1387
72908,5,0,42.5,-71.6676,23.2483,8.5,64.1387
72908,7,42.5,85,-78.6768,39.8897,8.5,64.1387
73008,5,0,42.5,-71.4446,22.8533,8.5,63.7137
73008,6,0,85,-71.4449,22.9206,8.5,63.7137
73008,7,42.5,85,-78.7497,40.1136,8.5,63.7137
73108,5,0,42.5,-71.2184,22.4593,8.5,63.2887
73108,6,0,85,-71.6679,23.3158,8.5,63.2887
73108,7,42.5,85,-78.8232,40.3408,8.5,63.2887
73208,5,0,42.5,-70.9888,22.0665,8.5,62.8637
73208,6,0,85,-71.8877,23.7121,8.5,62.8637
73208,7,42.5,85,-78.8973,40.5711,8.5,62.8637
73308,5,0,42.5,-70.7558,21.675,8.5,62.4387
73308,6,0,85,-72.1044,24.1093,8.5,62.4387
73308,7,42.5,85,-78.972,40.8045,8.5,62.4387
73408,5,0,42.5,-70.5193,21.2847,8.5,62.0137
73408,6,0,85,-72.3181,24.5075,8.5,62.0137
73408,7,42.5,85,-79.0472,41.0411,8.5,62.0137
73508,5,0,42.5,-70.2793,20.8957,8.5,61.5887
73508,6,0,85,-72.5288,24.9066,8.5,61.5887
73508,7,42.5,85,-79.123,41.2806,8.5,61.5887
73608,5,0,42.5,-70.0357,20.5082,8.5,61.1637
73608,6,0,85,-72.7366,25.3065,8.5,61.1637
73608,7,42.5,85,-79.1993,41.5231,8.5,61.1637
73708,5,0,42.5,-69.7885,20.1222,8.5,60.7387
73708,6,0,85,-72.9415,25.7072,8.5,60.7387
73708,7,42.5,85,-79.276,41.7685,8.5,60.7387
73808,5,0,42.5,-69.5375,19.7378,8.5,60.3137
73808,6,0,85,-73.1436,26.1086,8.5,60.3137
73808,7,42.5,85,-79.3532,42.0168,8.5,60.3137
73908,5,0,42.5,-69.2827,19.3551,8.5,59.8887
73908,6,0,85,-73.343,26.5108,8.5,59.8887
73908,7,42.5,85,-79.4308,42.2679,8.5,59.8887
74008,5,0,42.5,-69.0241,18.9742,8.5,59.4637
74008,6,0,85,-73.5398,26.9138,8.5,59.4637
74008,7,42.5,85,-79.5088,42.5218,8.5,59.4637
74108,5,0,42.5,-68.7615,18.5952,8.5,59.0387
74108,6,0,85,-73.7339,27.3173,8.5,59.0387
74108,7,42.5,85,-79.5872,42.7783,8.5,59.0387
74208,5,0,42.5,-68.495,18.2182,8.5,58.6137
74208,6,0,85,-73.9255,27.7216,8.5,58.6137
74208,7,42.5,85,-79.6659,43.0376,8.5,58.6137
74308,5,0,42.5,-68.2245,17.8434,8.5,58.1887
74308,6,0,85,-74.1146,28.1264,8.5,58.1887
74308,7,42.5,85,-79.7449,43.2995,8.5,58.1887
74408,5,0,42.5,-67.95,17.4709,8.5,57.7637
74408,6,0,85,-74.3013,28.5318,8.5,57.7637
74408,7,42.5,85,-79.8242,43.5639,8.5,57.7637
74508,5,0,42.5,-67.6714,17.1008,8.5,57.3387
74508,6,0,85,-74.4855,28.9378,8.5,57.3387
74508,7,42.5,85,-79.9037,43.8309,8.5,57.3387
74608,5,0,42.5,-67.3888,16.7334,8.5,56.9137
74608,6,0,85,-74.6675,29.3443,8.5,56.9137
74608,7,42.5,85,-79.9836,44.1003,8.5,56.9137
74708,5,0,42.5,-67.102,16.3687,8.5,56.4887
74708,6,0,85,-74.8472,29.7513,8.5,56.4887
74708,7,42.5,85,-80.0636,44.3722,8.5,56.4887
74808,5,0,42.5,-66.8113,16.007,8.5,56.0637
74808,6,0,85,-75.0246,30.1589,8.5,56.0637
74808,7,42.5,85,-80.1439,44.6465,8.5,56.0637
74908,5,0,42.5,-66.5165,15.6485,8.5,55.6387
74908,6,0,85,-75.1999,30.5669,8.5,55.6387
74908,7,42.5,85,-80.2244,44.9231,8.5,55.6387
75008,5,0,42.5,-66.2178,15.2934,8.5,55.2137
75008,6,0,85,-75.373,30.9753,8.5,55.2137
75008,7,42.5,85,-80.305,45.202,8.5,55.2137
75108,5,0,42.5,-65.9152,14.942,8.5,54.7887
75108,6,0,85,-75.544,31.3842,8.5,54.7887
75108,7,42.5,85,-80.3858,45.4832,8.5,54.7887
75208,5,0,42.5,-65.6089,14.5945,8.5,54.3637
75208,6,0,85,-75.713,31.7936,8.5,54.3637
75208,7,42.5,85,-80.4667,45.7666,8.5,54.3637
75308,5,0,42.5,-65.299,14.2511,8.5,53.9387
75308,6,0,85,-75.88,32.2033,8.5,53.9387
75308,7,42.5,85,-80.5477,46.0522,8.5,53.9387
75408,5,0,42.5,-64.9858,13.9123,8.5,53.5137
75408,6,0,85,-76.0451,32.6134,8.5,53.5137
75408,7,42.5,85,-80.6289,46.3399,8.5,53.5137
75508,5,0,42.5,-64.6695,13.5783,8.5,53.0887
75508,6,0,85,-76.2082,33.0239,8.5,53.0887
75508,7,42.5,85,-80.7101,46.6297,8.5,53.0887
75608,5,0,42.5,-64.3504,13.2496,8.5,52.6637
75608,6,0,85,-76.3695,33.4348,8.5,52.6637
75608,7,42.5,85,-80.7914,46.9216,8.5,52.6637
75708,5,0,42.5,-64.0288,12.9265,8.5,52.2387
75708,6,0,85,-76.5289,33.846,8.5,52.2387
75708,7,42.5,85,-80.8727,47.2155,8.5,52.2387
75808,5,0,42.5,-63.7054,12.6094,8.5,51.8137
75808,6,0,85,-76.6865,34.2575,8.5,51.8137
75808,7,42.5,85,-80.9541,47.5113,8.5,51.8137
75908,5,0,42.5,-63.3805,12.2988,8.5,51.3887
75908,6,0,85,-76.8423,34.6694,8.5,51.3887
75908,7,42.5,85,-81.0355,47.8092,8.5,51.3887
76008,5,0,42.5,-63.055,11.9952,8.5,50.9637
76008,6,0,85,-76.9965,35.0816,8.5,50.9637
76008,7,42.5,85,-81.117,48.1089,8.5,50.9637
76108,5,0,42.5,-62.7294,11.6992,8.5,50.5387
76108,6,0,85,-77.1489,35.4941,8.5,50.5387
76108,7,42.5,85,-81.1984,48.4105,8.5,50.5387
76108,1,0,0,-81.9566,51.2486,8.5,50.5387
76208,5,0,42.5,-62.4047,11.4114,8.5,50.1137
76208,6,0,85,-77.2997,35.9068,8.5,50.1137
76208,7,42.5,85,-81.2798,48.714,8.5,50.1137
76208,1,0,0,-81.8497,50.8295,8.5,50.1137
76308,5,0,42.5,-62.0819,11.1323,8.5,49.6887
76308,6,0,85,-77.4489,36.3199,8.5,49.6887
76308,7,42.5,85,-81.3612,49.0192,8.5,49.6887
76308,1,0,0,-81.7419,50.4105,8.5,49.6887
76408,5,0,42.5,-61.7622,10.8627,8.5,49.2637
76408,6,0,85,-77.5964,36.7332,8.5,49.2637
76408,7,42.5,85,-81.4425,49.3263,8.5,49.2637
76408,1,0,0,-81.6333,49.9917,8.5,49.2637
76508,5,0,42.5,-61.4468,10.6033,8.5,48.8387
76508,6,0,85,-77.7424,37.1468,8.5,48.8387
76508,1,0,0,-81.5238,49.5729,8.5,48.8387
76508,7,42.5,85,-81.5239,49.635,8.5,48.8387
76608,5,0,42.5,-61.1373,10.3548,8.5,48.4137
76608,6,0,85,-77.8869,37.5607,8.5,48.4137
76608,1,0,0,-81.4133,49.1543,8.5,48.4137
76608,7,42.5,85,-81.6051,49.9455,8.5,48.4137
76708,5,0,42.5,-60.8353,10.1181,8.5,47.9887
76708,6,0,85,-78.0299,37.9748,8.5,47.9887
76708,1,0,0,-81.302,48.7357,8.5,47.9887
76708,7,42.5,85,-81.6863,50.2577,8.5,47.9887
76808,5,0,42.5,-60.5426,9.89402,8.5,47.5637
76808,6,0,85,-78.1714,38.3891,8.5,47.5637
76808,1,0,0,-81.1897,48.3173,8.5,47.5637
76808,7,42.5,85,-81.7674,50.5715,8.5,47.5637
76908,5,0,42.5,-60.2612,9.68339,8.5,47.1387
76908,6,0,85,-78.3115,38.8037,8.5,47.1387
76908,1,0,0,-81.0765,47.899,8.5,47.1387
76908,7,42.5,85,-81.8484,50.8869,8.5,47.1387
77008,5,0,42.5,-59.9932,9.48713,8.5,46.7137
77008,6,0,85,-78.4501,39.2185,8.5,46.7137
77008,1,0,0,-80.9624,47.4808,8.5,46.7137
77008,7,42.5,85,-81.9293,51.2039,8.5,46.7137
77108,5,0,42.5,-59.7408,9.30616,8.5,46.2887
77108,6,0,85,-78.5874,39.6335,8.5,46.2887
77108,1,0,0,-80.8472,47.0627,8.5,46.2887
77208,5,0,42.5,-59.5064,9.14138,8.5,45.8637
77208,6,0,85,-78.7233,40.0487,8.5,45.8637
77208,1,0,0,-80.7311,46.6448,8.5,45.8637
77308,5,0,42.5,-59.2924,8.99368,8.5,45.4387
77308,6,0,85,-78.8578,40.4641,8.5,45.4387
77308,1,0,0,-80.6139,46.2269,8.5,45.4387
77408,5,0,42.5,-59.101,8.86391,8.5,45.0137
77408,6,0,85,-78.9911,40.8797,8.5,45.0137
77408,1,0,0,-80.4958,45.8093,8.5,45.0137
77508,5,0,42.5,-58.9345,8.75288,8.5,44.5887
77508,6,0,85,-79.1231,41.2955,8.5,44.5887
77508,1,0,0,-80.3766,45.3917,8.5,44.5887
77608,5,0,42.5,-58.7951,8.6613,8.5,44.1637
77608,6,0,85,-79.2537,41.7115,8.5,44.1637
77608,1,0,0,-80.2563,44.9743,8.5,44.1637
77708,5,0,42.5,-58.6846,8.58979,8.5,43.7387
77708,6,0,85,-79.3832,42.1277,8.5,43.7387
77708,1,0,0,-80.1349,44.557,8.5,43.7387
77808,5,0,42.5,-58.6045,8.53886,8.5,43.3137
77808,6,0,85,-79.5114,42.544,8.5,43.3137
77808,1,0,0,-80.0125,44.1399,8.5,43.3137
77908,5,0,42.5,-58.5559,8.50889,8.5,42.8887
77908,6,0,85,-79.6385,42.9605,8.5,42.8887
77908,1,0,0,-79.8889,43.7229,8.5,42.8887
78008,5,0,42.5,-58.5397,8.50008,8.5,42.4637
78008,1,0,0,-79.7642,43.3061,8.5,42.4637
78008,6,0,85,-79.7643,43.3772,8.5,42.4637
78108,5,0,42.5,-58.5559,8.51251,8.5,42.0387
78108,1,0,0,-79.6383,42.8895,8.5,42.0387
78108,6,0,85,-79.889,43.7941,8.5,42.0387
78208,5,0,42.5,-58.6045,8.54608,8.5,41.6137
78208,1,0,0,-79.5113,42.473,8.5,41.6137
78208,6,0,85,-80.0126,44.2111,8.5,41.6137
78308,5,0,42.5,-58.6847,8.60055,8.5,41.1887
78308,1,0,0,-79.3831,42.0567,8.5,41.1887
78308,6,0,85,-80.135,44.6282,8.5,41.1887
78408,5,0,42.5,-58.7952,8.67552,8.5,40.7637
78408,1,0,0,-79.2536,41.6405,8.5,40.7637
78408,6,0,85,-80.2564,45.0455,8.5,40.7637
78508,5,0,42.5,-58.9347,8.77046,8.5,40.3387
78508,1,0,0,-79.1229,41.2246,8.5,40.3387
78508,6,0,85,-80.3767,45.4629,8.5,40.3387
78608,5,0,42.5,-59.1012,8.88475,8.5,39.9137
78608,1,0,0,-78.991,40.8088,8.5,39.9137
78608,6,0,85,-80.4959,45.8805,8.5,39.9137
78708,5,0,42.5,-59.2926,9.01763,8.5,39.4887
78708,1,0,0,-78.8577,40.3932,8.5,39.4887
78708,6,0,85,-80.6141,46.2982,8.5,39.4887
78808,5,0,42.5,-59.5066,9.16831,8.5,39.0637
78808,1,0,0,-78.7231,39.9778,8.5,39.0637
78808,6,0,85,-80.7312,46.7161,8.5,39.0637
78908,5,0,42.5,-59.7411,9.33591,8.5,38.6387
78908,1,0,0,-78.5872,39.5626,8.5,38.6387
78908,6,0,85,-80.8473,47.134,8.5,38.6387
79008,5,0,42.5,-59.9934,9.51956,8.5,38.2137
79008,1,0,0,-78.45,39.1477,8.5,38.2137
79008,6,0,85,-80.9625,47.5521,8.5,38.2137
79008,2,42.5,0,-81.9292,51.1497,8.5,38.2137
79108,5,0,42.5,-60.2615,9.71833,8.5,37.7887
79108,1,0,0,-78.3113,38.7329,8.5,37.7887
79108,6,0,85,-81.0766,47.9703,8.5,37.7887
79108,2,42.5,0,-81.8483,50.833,8.5,37.7887
79208,5,0,42.5,-60.5429,9.93132,8.5,37.3637
79208,1,0,0,-78.1713,38.3184,8.5,37.3637
79208,6,0,85,-81.1899,48.3887,8.5,37.3637
79208,2,42.5,0,-81.7673,50.5178,8.5,37.3637
79308,5,0,42.5,-60.8356,10.1576,8.5,36.9387
79308,1,0,0,-78.0298,37.9041,8.5,36.9387
79308,6,0,85,-81.3021,48.8071,8.5,36.9387
79308,2,42.5,0,-81.6862,50.2043,8.5,36.9387
79408,5,0,42.5,-61.1376,10.3964,8.5,36.5137
79408,1,0,0,-77.8868,37.49,8.5,36.5137
79408,6,0,85,-81.4135,49.2257,8.5,36.5137
79408,2,42.5,0,-81.605,49.8924,8.5,36.5137
79508,5,0,42.5,-61.4471,10.6468,8.5,36.0887
79508,1,0,0,-77.7423,37.0762,8.5,36.0887
79508,2,42.5,0,-81.5238,49.5822,8.5,36.0887
79508,6,0,85,-81.5239,49.6443,8.5,36.0887
79608,5,0,42.5,-61.7625,10.908,8.5,35.6637
79608,1,0,0,-77.5963,36.6627,8.5,35.6637
79608,2,42.5,0,-81.4425,49.2738,8.5,35.6637
79608,6,0,85,-81.6334,50.0631,8.5,35.6637
79708,5,0,42.5,-62.0822,11.1793,8.5,35.2387
79708,1,0,0,-77.4487,36.2494,8.5,35.2387
79708,2,42.5,0,-81.3611,48.967,8.5,35.2387
79708,6,0,85,-81.742,50.482,8.5,35.2387
79808,5,0,42.5,-62.405,11.4599,8.5,34.8137
79808,1,0,0,-77.2996,35.8364,8.5,34.8137
79808,2,42.5,0,-81.2797,48.6621,8.5,34.8137
79808,6,0,85,-81.8498,50.901,8.5,34.8137
79908,5,0,42.5,-62.7297,11.7491,8.5,34.3887
79908,1,0,0,-77.1488,35.4237,8.5,34.3887
79908,2,42.5,0,-81.1983,48.3589,8.5,34.3887
79908,6,0,85,-81.9567,51.3201,8.5,34.3887
80008,5,0,42.5,-63.0553,12.0465,8.5,33.9637
80008,1,0,0,-76.9963,35.0112,8.5,33.9637
80008,2,42.5,0,-81.1169,48.0576,8.5,33.9637
80108,5,0,42.5,-63.3809,12.3513,8.5,33.5387
80108,1,0,0,-76.8422,34.5991,8.5,33.5387
80108,2,42.5,0,-81.0354,47.7582,8.5,33.5387
80208,5,0,42.5,-63.7057,12.663,8.5,33.1137
80208,1,0,0,-76.6863,34.1873,8.5,33.1137
80208,2,42.5,0,-80.954,47.4607,8.5,33.1137
80308,5,0,42.5,-64.0292,12.9812,8.5,32.6887
80308,1,0,0,-76.5287,33.7758,8.5,32.6887
80308,2,42.5,0,-80.8726,47.1652,8.5,32.6887
80408,5,0,42.5,-64.3507,13.3053,8.5,32.2637
80408,1,0,0,-76.3693,33.3646,8.5,32.2637
80408,2,42.5,0,-80.7913,46.8716,8.5,32.2637
80508,5,0,42.5,-64.6698,13.635,8.5,31.8387
80508,1,0,0,-76.208,32.9538,8.5,31.8387
80508,2,42.5,0,-80.71,46.5801,8.5,31.8387
80608,5,0,42.5,-64.9861,13.9698,8.5,31.4137
80608,1,0,0,-76.0449,32.5434,8.5,31.4137
80608,2,42.5,0,-80.6288,46.2906,8.5,31.4137
80708,5,0,42.5,-65.2993,14.3094,8.5,30.9887
80708,1,0,0,-75.8799,32.1334,8.5,30.9887
80708,2,42.5,0,-80.5476,46.0033,8.5,30.9887
80808,5,0,42.5,-65.6092,14.6535,8.5,30.5637
80808,1,0,0,-75.7129,31.7237,8.5,30.5637
80808,2,42.5,0,-80.4666,45.7181,8.5,30.5637
80908,5,0,42.5,-65.9155,15.0017,8.5,30.1387
80908,1,0,0,-75.5439,31.3144,8.5,30.1387
80908,2,42.5,0,-80.3857,45.4351,8.5,30.1387
81008,5,0,42.5,-66.2181,15.3538,8.5,29.7137
81008,1,0,0,-75.3728,30.9056,8.5,29.7137
81008,2,42.5,0,-80.3049,45.1543,8.5,29.7137
81108,5,0,42.5,-66.5168,15.7095,8.5,29.2887
81108,1,0,0,-75.1997,30.4972,8.5,29.2887
81108,2,42.5,0,-80.2243,44.8757,8.5,29.2887
81208,5,0,42.5,-66.8116,16.0685,8.5,28.8637
81208,1,0,0,-75.0244,30.0893,8.5,28.8637
81208,2,42.5,0,-80.1438,44.5995,8.5,28.8637
81308,5,0,42.5,-67.1023,16.4307,8.5,28.4387
81308,1,0,0,-74.847,29.6819,8.5,28.4387
81308,2,42.5,0,-80.0635,44.3256,8.5,28.4387
81408,5,0,42.5,-67.3891,16.7959,8.5,28.0137
81408,1,0,0,-74.6673,29.2749,8.5,28.0137
81408,2,42.5,0,-79.9835,44.0542,8.5,28.0137
81508,5,0,42.5,-67.6717,17.1638,8.5,27.5887
81508,1,0,0,-74.4854,28.8685,8.5,27.5887
81508,2,42.5,0,-79.9037,43.7851,8.5,27.5887
81608,5,0,42.5,-67.9503,17.5343,8.5,27.1637
81608,1,0,0,-74.3011,28.4626,8.5,27.1637
81608,2,42.5,0,-79.8241,43.5186,8.5,27.1637
81708,5,0,42.5,-68.2248,17.9072,8.5,26.7387
81708,1,0,0,-74.1144,28.0573,8.5,26.7387
81708,2,42.5,0,-79.7448,43.2546,8.5,26.7387
81808,5,0,42.5,-68.4953,18.2824,8.5,26.3137
81808,1,0,0,-73.9253,27.6525,8.5,26.3137
81808,2,42.5,0,-79.6658,42.9932,8.5,26.3137
81908,5,0,42.5,-68.7618,18.6597,8.5,25.8887
81908,1,0,0,-73.7337,27.2484,8.5,25.8887
81908,2,42.5,0,-79.5871,42.7344,8.5,25.8887
